id_emp,Name,Apellido,birth_date,Gender,area,salary,star_date,finish_date,promotion_date,type
00-0037846,Kimmy,Walczynski,06/04/1991,hombre,Engineering," $77,719 ",1/20/2002,,,0
00-0041533,Ignatius,Springett,6/29/1984,hombre,"Business Development"," $135,189 ",04/08/2019,,,0
00-0045747,Corbie,Bittlestone,7/29/1989,hombre,Sales," $122,484 ",10/12/2010,,,1
00-0055274,Baxy,Matton,9/14/1982,mujer,Services," $82,100 ",04/10/2005,,,0
00-0076100,Terrell,Suff,04/11/1994,mujer,"Product Management"," $114,648 ",9/29/2010,"2029-10-29 06:09:38 UTC",,1
00-0116166,Kacie,Offiler,1/18/1971,hombre,Engineering," $121,044 ",09/01/2018,,,0
00-0363185,Sandro,Admans,11/19/1979,hombre,"Product Management"," $174,195 ",11/08/2012,,,1
00-0380704,Eugene,Lehrahan,10/14/1988,mujer,Engineering," $66,031 ",6/27/2007,,,1
00-0381660,Wainwright,Corfield,12/13/1996,hombre,Engineering," $164,055 ",2/20/2001,"2008-12-05 01:21:48 UTC",,0
00-0419202,Dyann,Isoldi,3/27/1980,hombre,Engineering," $135,543 ",1/27/2005,,,1
00-0472287,Grantley,Oret,09/06/1975,hombre,Services," $166,001 ",11/01/2004,,,1
00-0472832,Elmore,Worner,01/07/1966,mujer,Engineering," $117,567 ",12/05/2000,,,1
00-0566380,Dud,Brain,3/17/1984,hombre,"Business Development"," $150,237 ",9/17/2008,,,0
00-0571075,Aguie,Conford,11/02/1971,hombre,"Business Development"," $174,698 ",11/25/2015,,,1
00-0624189,Katerina,Rosborough,8/20/1967,hombre,Engineering," $124,803 ",5/17/2019,,,1
00-0715212,Alida,Longley,1/28/1973,mujer,Accounting," $156,904 ",02/04/2002,,,0
00-0755645,Laraine,Petre,05/11/1967,hombre,Engineering," $140,626 ",9/30/2010,,,1
00-0778934,Gareth,MacCook,2/21/1987,mujer,Legal," $107,742 ",2/18/2010,,,1
00-0794247,Scottie,Chestney,2/23/1972,mujer,Engineering," $90,315 ",07/03/2002,,,1
00-0948136,Christophorus,Boseley,5/23/1983,mujer,Marketing," $124,809 ",09/06/2007,,,1
00-0971612,Arleyne,Froome,08/01/1999,hombre,Engineering," $137,597 ",04/09/2015,,,1
00-1051096,Todd,Cashen,6/19/1999,mujer,Accounting," $115,695 ",6/20/2014,,,1
00-1052230,Elmo,McNee,12/16/1988,mujer,Services," $78,418 ",7/18/2002,"2006-05-22 20:14:26 UTC",,1
00-1100714,Regen,Nafzger,04/06/1990,hombre,"Human Resources"," $164,369 ",7/23/2016,"2022-07-12 02:26:01 UTC",,0
00-1147503,Penelope,Wenman,12/19/1994,hombre,"Business Development"," $154,937 ",09/10/2019,,,1
00-1189819,Rudolf,Reichardt,06/05/1979,hombre,"Business Development"," $97,134 ",05/07/2007,"2022-02-25 03:21:03 UTC",,0
00-1222963,Tobiah,Fruchon,10/17/1991,mujer,Services," $138,757 ",2/13/2011,,,0
00-1268049,Fay,Monnelly,07/09/1966,hombre,Engineering," $111,994 ",2/24/2010,"2030-03-21 03:56:25 UTC",,0
00-1277358,Lola,Burrells,10/02/1973,hombre,"Human Resources"," $132,408 ",03/08/2008,"2024-10-09 10:07:08 UTC",,1
00-1284831,Hamel,Edgeler,12/22/1973,hombre,"Human Resources"," $152,256 ",08/08/2001,"2007-10-31 20:13:44 UTC",,0
00-1331085,Shalne,Berntssen,5/20/1979,mujer,"Business Development"," $132,654 ",12/19/2008,,,1
00-1418617,Nefen,Russan,2/18/1997,mujer,Training," $120,834 ",1/21/2007,,,1
00-1451930,Woodie,Hayhow,1/18/1995,mujer,Engineering," $170,827 ",08/04/2001,,,1
00-1485605,L;urette,Stango,4/13/1991,hombre,Training," $124,715 ",11/29/2016,,,0
00-1499371,Claude,Ales0,4/29/1984,mujer,Sales," $126,534 ",3/31/2014,,,1
00-1557949,Virginia,Teligin,12/25/1982,mujer,Engineering," $119,752 ",6/27/2014,,,0
00-1695354,Starr,Yitzhok,04/11/1998,mujer,Training," $99,040 ",7/14/2011,,,1
00-1722938,Perla,Durrand,03/11/1976,hombre,Sales," $178,809 ",01/01/2014,"2023-01-10 00:20:48 UTC",,1
00-1728402,Mahala,McTrustie,06/07/1974,mujer,"Business Development"," $118,730 ",4/15/2015,,,0
00-1735797,Hobart,Bertrand,3/22/1997,mujer,"Business Development"," $129,612 ",9/17/2019,,,0
00-1792130,Nobe,Leathe,7/23/1993,hombre,Engineering," $174,045 ",1/23/2011,"2024-12-07 02:16:22 UTC",,1
00-1830166,Peta,Gosson,06/02/1975,mujer,"Human Resources"," $146,252 ",06/02/2007,,,1
00-1861400,Ninnette,Batter,03/11/1993,hombre,"Business Development"," $152,349 ",02/04/2008,,,1
00-1877605,Bibbie,Matteoli,6/18/1997,hombre,Support," $74,632 ",05/05/2008,"2024-03-02 16:38:02 UTC",,1
00-1892609,Averell,Paintain,10/25/1971,mujer,"Research and Development"," $118,943 ",01/02/2013,,,1
00-1954462,Marcel,Fowkes,6/18/1993,hombre,Accounting," $123,127 ",7/20/2008,,,1
00-1957612,Artus,Cawcutt,2/28/1970,mujer,Services," $110,278 ",07/08/2005,"2012-08-01 16:03:54 UTC",,1
00-2010536,Emili,Cowl,05/10/1978,hombre,Engineering," $160,528 ",7/30/2009,,,0
00-2209303,Edeline,Painten,3/16/1978,hombre,Services," $172,415 ",1/17/2011,,,1
00-2228674,Meggi,"Mc Ilory",09/09/1987,hombre,Training," $152,355 ",11/30/2005,,,1
00-2229651,Giordano,Muckian,8/21/1984,mujer,"Business Development"," $126,833 ",04/11/2004,,,0
00-2260658,Nickolas,Coopey,5/21/1978,hombre,Support," $135,192 ",01/02/2001,,,0
00-2301130,Corrina,Blooman,10/19/1971,mujer,Services," $155,224 ",7/28/2013,,,0
00-2334565,Odey,Brough,12/19/1992,hombre,Engineering," $143,824 ",8/27/2011,,,0
00-2367299,Lenka,Astridge,12/01/2000,hombre,"Human Resources"," $134,657 ",8/13/2019,,,0
00-2509034,Gunar,Dinkin,11/27/1988,hombre,Training," $109,088 ",12/19/2017,,,0
00-2607971,Gale,Dreossi,6/16/1972,hombre,Auditing," $74,124 ",02/02/2006,"2018-07-01 03:10:13 UTC",,1
00-2623755,Chrysa,Brownell,4/25/1983,hombre,Engineering," $150,586 ",2/22/2018,"2027-02-01 04:34:24 UTC",,1
00-2637590,Britte,Royds,03/06/1980,hombre,Training," $84,336 ",05/05/2016,,,0
00-2682864,Bil,Wanden,6/28/1982,hombre,Engineering," $101,508 ",2/24/2009,,,1
00-2704725,Ronda,Dictus,11/28/1975,mujer,Training," $139,256 ",12/07/2003,,,1
00-2709445,Loree,Neno,1/16/1977,mujer,"Research and Development"," $87,404 ",4/26/2017,,,0
00-2773154,Teena,Tolan,09/11/1992,hombre,"Human Resources"," $88,845 ",02/11/2014,,,1
00-2861998,Karine,Seage,09/07/1966,hombre,Training," $112,030 ",08/12/2017,,,1
00-2874422,Diandra,Bourget,04/06/1971,hombre,"Human Resources"," $133,999 ",7/26/2003,"2015-01-14 06:02:41 UTC",,1
00-2889513,Dodi,Caves,07/05/1999,hombre,"Business Development"," $85,942 ",11/16/2004,,,0
00-2950779,Hyman,Dancey,4/23/1981,mujer,Training," $179,502 ",06/10/2015,,,0
00-3008455,Rourke,Dawkins,9/26/1969,hombre,"Business Development"," $81,067 ",10/28/2007,,,0
00-3020430,Northrup,Arendt,12/01/2001,hombre,Services," $181,268 ",09/06/2011,,,0
00-3030708,Guntar,Arro,4/22/1997,mujer,"Business Development"," $147,374 ",11/16/2020,,,1
00-3052411,Midge,Orpyne,01/04/1984,mujer,Engineering," $121,893 ",7/21/2010,,,0
00-3105004,Isador,Crady,06/08/1968,mujer,Training," $171,873 ",11/19/2020,,,1
00-3135807,Nichol,Dionisii,8/28/1994,mujer,"Business Development"," $153,741 ",2/19/2017,,,1
00-3138749,Dorey,Diperaus,12/20/1978,hombre,Sales," $80,905 ",04/06/2006,,,1
00-3208324,Lanie,Plewes,7/25/1992,mujer,Support," $103,460 ",03/01/2008,,,0
00-3214670,Mahmoud,"De L'Isle",09/04/1990,hombre,Accounting," $97,531 ",03/06/2010,,,0
00-3217869,Carlynne,Gouldthorpe,04/11/1968,mujer,Accounting," $93,766 ",8/17/2009,,,1
00-3334414,Modesta,Lanktree,2/13/1997,mujer,Engineering," $118,405 ",4/30/2002,,,0
00-3341718,Tildie,Ranvoise,8/13/1982,hombre,Engineering," $92,899 ",8/21/2007,,,1
00-3389894,Tallulah,Dowty,1/26/1983,hombre,Engineering," $75,079 ",02/02/2006,,,1
00-3402094,Addie,Coldman,07/10/2002,mujer,Engineering," $184,325 ",9/25/2011,,,0
00-3457300,Eleanore,Pudner,12/13/1996,mujer,Engineering," $114,513 ",2/28/2002,,,1
00-3492248,Carlene,Goldwater,1/19/1975,mujer,"Business Development"," $66,760 ",2/25/2019,,,0
00-3597335,Amara,Jacobs,6/14/1982,hombre,Sales," $86,754 ",02/07/2006,,,1
00-3679205,Heall,Conville,05/08/1994,hombre,Training," $93,624 ",11/12/2010,,,1
00-3739286,Jake,Dawdry,2/26/1993,hombre,Engineering," $147,458 ",9/30/2019,,,0
00-3744044,Maribelle,Bisson,6/22/1998,mujer,Training," $108,538 ",1/21/2016,,,0
00-3758963,Calypso,Connold,9/27/1984,mujer,"Business Development"," $131,425 ",11/22/2001,,,0
00-3855769,Tanitansy,Fancett,5/30/1995,mujer,"Human Resources"," $90,354 ",10/31/2005,,,0
00-3860994,Allyce,Giacobazzi,04/04/1969,hombre,Marketing," $100,936 ",12/27/2019,"2022-12-26 02:31:43 UTC",,1
00-3961040,Filberte,Morant,10/27/1977,hombre,Engineering," $180,378 ",03/06/2002,,,0
00-3964552,Sergei,Glidden,2/15/1996,hombre,"Product Management"," $101,912 ",11/04/2016,,,0
00-3987484,Chelsy,Clacey,09/12/1991,mujer,Training," $104,211 ",1/30/2006,"2021-07-23 05:08:46 UTC",,0
00-4123013,Romy,Sandever,1/20/1969,hombre,"Research and Development"," $159,712 ",08/12/2011,,,1
00-4202411,Rorie,Rice,3/13/1982,hombre,Engineering," $114,677 ",7/16/2014,,,0
00-4254147,Karel,Gullen,12/18/1993,hombre,Sales," $95,319 ",03/08/2013,,,0
00-4259069,Marcela,Bostock,01/09/1979,hombre,Engineering," $76,586 ",01/01/2005,,,0
00-4464648,Agretha,Brunning,2/15/1978,mujer,Engineering," $105,639 ",4/28/2017,,,1
00-4481784,Willdon,Pirozzi,3/28/1997,mujer,Support," $125,642 ",03/12/2016,,,0
00-4521988,Paddie,Mallebone,11/22/1967,hombre,"Human Resources"," $165,021 ",07/04/2016,,,1
00-4585118,Karina,Slocum,9/19/1993,mujer,Services," $91,542 ",12/23/2018,,,0
00-4609499,Gun,Heathorn,10/30/1978,hombre,Services," $119,007 ",12/25/2015,,,0
00-4634919,Dario,Renshall,01/07/1971,mujer,Accounting," $176,947 ",04/10/2011,,,0
00-4767568,Bartholemy,Schutter,9/27/1975,hombre,Services," $109,279 ",07/06/2009,,,1
00-4872960,Gamaliel,McRoberts,11/10/1978,hombre,Accounting," $169,540 ",12/30/2019,,,1
00-4890880,Demetre,Chaulk,3/20/1977,hombre,Sales," $178,594 ",03/05/2014,,,1
00-4971801,Temple,Banasevich,5/14/1991,mujer,Engineering," $131,359 ",10/11/2020,,,0
00-5033764,Gabie,Olivier,12/25/1976,hombre,Engineering," $155,030 ",6/23/2005,,,0
00-5045552,Carlen,Bruhnke,08/06/1990,hombre,Engineering," $119,193 ",7/18/2016,,,1
00-5070457,Nathaniel,Coolahan,12/02/1998,mujer,Accounting," $84,675 ",7/22/2003,,,1
00-5137192,Sarajane,Price,1/28/1970,hombre,Accounting," $180,400 ",5/24/2016,,,0
00-5155617,Hadria,Pallasch,4/13/1987,hombre,Engineering," $98,277 ",12/02/2016,,,0
00-5175297,Bethina,Mathissen,1/24/1966,mujer,Engineering," $154,164 ",12/23/2001,"2012-03-28 19:48:37 UTC",,0
00-5221572,Joshua,Rubinsohn,04/05/1976,hombre,Services," $180,107 ",07/12/2006,,,0
00-5273292,Philippa,Garrod,9/14/1986,mujer,"Product Management"," $110,784 ",3/29/2012,,,0
00-5421994,Sile,Schultheiss,1/23/1986,mujer,Accounting," $103,290 ",12/10/2012,"2021-10-28 00:45:49 UTC",,1
00-5614221,Conroy,Vickars,8/28/1969,hombre,"Business Development"," $153,512 ",01/03/2008,,,0
00-5623981,Roscoe,Swindells,4/28/1979,mujer,Accounting," $174,120 ",12/22/2012,,,0
00-5649238,Antonietta,Obal,11/03/1977,hombre,Engineering," $173,686 ",2/13/2003,"2008-06-24 19:59:00 UTC",,1
00-5687686,Yettie,Swanborough,07/03/1993,hombre,Sales," $98,038 ",3/22/2001,,,0
00-5880378,Dannie,Thornton-Dewhirst,10/18/2000,mujer,Accounting," $151,416 ",12/12/2002,"2019-05-30 07:37:54 UTC",,1
00-5895027,Nessy,Shute,04/05/1982,hombre,Engineering," $100,069 ",4/13/2004,,,1
00-5909899,Louise,Domingues,4/26/1977,hombre,"Research and Development"," $102,872 ",04/05/2014,,,1
00-5917185,Frasquito,Frape,08/02/1972,hombre,Engineering," $125,066 ",6/29/2002,"2012-08-16 08:21:32 UTC",,1
00-5955583,Leonie,Bridgeman,11/17/1997,hombre,Training," $92,378 ",04/11/2009,,,1
00-5958157,Marijn,Shotboulte,07/11/1984,hombre,Accounting," $84,983 ",9/16/2017,,,1
00-5965019,Gertrud,Jeavon,06/11/1987,mujer,"Research and Development"," $141,441 ",3/14/2008,,,1
00-5992394,Gordie,Mariaud,7/24/1990,hombre,Accounting," $121,775 ",5/29/2011,,,0
00-5993032,Corrinne,Very,5/27/1991,hombre,"Research and Development"," $86,661 ",6/21/2005,"2015-03-23 18:00:04 UTC",,0
00-6077710,Frank,Sikorsky,02/10/1998,hombre,Engineering," $77,945 ",08/01/2007,,,0
00-6093562,Linoel,Berrecloth,7/19/1973,hombre,Engineering," $141,146 ",11/06/2006,,,0
00-6114236,Lucias,Sworder,03/01/1997,hombre,Engineering," $167,127 ",10/31/2007,,,0
00-6163624,Malvina,"Mc Grath",09/12/2001,hombre,Engineering," $129,922 ",5/17/2005,"2009-11-03 01:38:32 UTC",,0
00-6172539,Joanne,Jacob,4/13/1974,mujer,Engineering," $106,650 ",02/03/2003,,,1
00-6252646,Yves,Yurivtsev,9/19/1990,hombre,"Human Resources"," $179,943 ",7/13/2019,,,1
00-6338870,Curtice,Kidgell,3/14/1980,mujer,Engineering," $67,616 ",3/18/2018,"2023-03-24 22:54:39 UTC",,1
00-6371948,Ruby,O'Duilleain,05/10/1986,mujer,"Business Development"," $139,305 ",09/07/2008,"2012-01-09 20:55:22 UTC",,1
00-6420231,Joseito,Walaron,5/16/1975,hombre,Services," $182,319 ",11/02/2006,,,1
00-6460144,Helli,Hothersall,1/24/1990,hombre,Engineering," $87,548 ",6/22/2012,,,1
00-6479395,Aura,Steagall,7/19/1978,hombre,Accounting," $164,594 ",3/28/2013,"2030-02-23 03:54:13 UTC",,1
00-6565696,Flory,Ibbitt,03/09/1968,mujer,"Human Resources"," $160,270 ",8/13/2009,"2014-06-03 03:40:16 UTC",,0
00-6609229,Leontine,Rammell,8/15/1986,mujer,"Product Management"," $98,878 ",11/10/2001,,,0
00-6666091,Carly,Everall,12/25/1966,mujer,Support," $141,114 ",01/11/2004,,,1
00-6675478,Reginald,Gosker,10/13/1979,mujer,Engineering," $133,844 ",10/17/2020,,,0
00-6722855,Kimmi,Moff,03/08/1996,hombre,Engineering," $146,729 ",04/04/2001,,,0
00-6768311,Adina,Marcq,1/16/1991,mujer,Engineering," $128,676 ",12/18/2007,,,1
00-6790860,Enrica,Cohalan,1/23/1994,mujer,Engineering," $147,439 ",4/26/2009,,,0
00-6792940,Valera,Hannent,2/14/1993,hombre,Engineering," $182,104 ",5/29/2017,,,0
00-6797967,Albrecht,Geffinger,1/18/1980,mujer,Sales," $171,215 ",11/19/2018,,,0
00-6804149,Orsa,Pafford,12/25/1994,hombre,"Human Resources"," $174,195 ",12/21/2001,,,0
00-6902222,Pall,Snedker,04/07/1969,hombre,Support," $115,852 ",10/04/2009,"2014-01-31 00:17:22 UTC",,1
00-6974128,Eilis,Byford,05/07/1966,hombre,Engineering," $86,523 ",11/04/2014,,,1
00-7012064,Maridel,Canario,11/17/1990,hombre,Engineering," $149,261 ",8/18/2018,,,1
00-7043366,Mellie,Hariot,11/25/1983,mujer,Engineering," $72,130 ",02/06/2013,,,1
00-7080550,Stefan,Orht,03/01/1988,hombre,"Business Development"," $109,170 ",04/04/2018,,,0
00-7080839,Bertie,"La Batie",12/04/1991,hombre,Services," $118,723 ",06/12/2016,,,1
00-7102476,Cammy,Bleakman,08/12/1983,hombre,Accounting," $163,199 ",05/06/2003,,,0
00-7374971,Theodor,Perot,09/11/1989,hombre,Engineering," $141,898 ",6/13/2009,,,1
00-7494159,Lu,Larive,8/13/1999,mujer,"Human Resources"," $135,078 ",5/31/2004,"2010-12-03 06:19:28 UTC",,0
00-7507889,Marietta,Marieton,3/30/1995,hombre,"Human Resources"," $124,199 ",7/31/2008,,,1
00-7598768,Monte,"How to preserve",10/20/1972,mujer,Engineering," $87,788 ",10/16/2016,,,1
00-7685590,Emanuele,Scotts,10/19/1986,hombre,Engineering," $157,506 ",8/26/2019,,,1
00-7693501,Kiley,Ricci,3/15/1972,mujer,Training," $149,623 ",08/03/2003,,,1
00-7726076,Pavel,Corsor,2/14/1976,mujer,Services," $154,864 ",02/02/2017,,,1
00-7766529,Nikaniki,Nurdin,6/28/1995,hombre,Accounting," $68,439 ",6/29/2019,,,1
00-7800396,Siward,Phelipeaux,3/29/1981,hombre,"Business Development"," $115,788 ",02/09/2003,"2016-01-11 09:20:25 UTC",,1
00-7802037,Kaylee,Lambdin,11/01/1965,mujer,Engineering," $174,420 ",03/09/2003,,,1
00-7925080,Chrisy,Risen,7/23/1985,mujer,Engineering," $175,768 ",02/03/2011,"2018-06-05 07:01:43 UTC",,1
00-8010185,Tab,Lissemore,11/25/2000,mujer,"Business Development"," $157,628 ",12/03/2005,"2012-02-21 20:12:05 UTC",,1
00-8113601,Rem,Hassey,5/23/1995,hombre,Accounting," $134,748 ",5/29/2008,,,1
00-8203294,Brianna,Dudin,2/15/1988,mujer,Engineering," $121,704 ",12/18/2017,,,1
00-8230593,Sheppard,Klosges,10/25/1992,hombre,"Product Management"," $174,964 ",8/22/2010,"2017-12-30 08:38:51 UTC",,0
00-8250034,Karlen,Duckworth,11/03/1981,hombre,"Human Resources"," $81,548 ",5/19/2010,"2023-01-17 02:59:42 UTC",,0
00-8270076,Raphaela,Clowney,11/02/1971,hombre,Engineering," $141,259 ",03/06/2010,"2030-08-03 09:10:37 UTC",,1
00-8302867,Idalia,Sherborne,4/21/1968,mujer,Services," $168,491 ",07/07/2016,"2028-03-12 22:16:52 UTC",,0
00-8320940,Terence,MacConnechie,10/26/1965,hombre,Engineering," $177,085 ",08/11/2004,,,1
00-8429312,Shane,Ousbie,12/12/1966,hombre,Training," $168,549 ",07/04/2005,,,0
00-8477498,Cammi,Yakebovitch,11/15/1965,hombre,"Research and Development"," $176,576 ",01/04/2004,,,0
00-8477624,Tomkin,"Di Ruggiero",10/24/1993,hombre,Sales," $109,998 ",2/18/2010,,,1
00-8527252,Leanor,Gemnett,7/31/1974,hombre,Sales," $117,267 ",7/20/2013,,,0
00-8536569,Sterling,Prue,3/28/1966,mujer,"Human Resources"," $152,763 ",3/22/2004,"2005-03-23 03:58:55 UTC",,0
00-8541630,Loydie,Platts,7/20/1970,hombre,"Human Resources"," $103,622 ",06/07/2012,,,1
00-8542295,Darius,Birchenough,09/12/1968,hombre,"Research and Development"," $109,535 ",2/16/2018,,,1
00-8571626,Jenn,Whitecross,8/31/1972,hombre,Training," $81,104 ",01/11/2010,,,0
00-8586665,Glenna,Owbrick,01/01/1993,hombre,Accounting," $150,508 ",07/07/2011,,,1
00-8679134,Lindy,Colliver,4/20/1992,mujer,"Business Development"," $116,568 ",1/28/2003,,,0
00-8679430,Lorianna,Mitten,10/09/1971,mujer,Accounting," $168,875 ",02/10/2001,"2018-11-16 09:54:34 UTC",,0
00-8679766,Modesty,O'Spellissey,6/29/1982,mujer,Services," $129,938 ",10/15/2009,,,1
00-8704487,Lorain,Kibbe,6/19/1983,mujer,Accounting," $112,499 ",7/27/2015,,,1
00-8712138,Gabie,Lawleff,8/30/1968,mujer,Training," $132,408 ",05/10/2004,,,1
00-8719634,Melanie,Rylands,03/12/1972,hombre,Accounting," $123,177 ",11/17/2016,"2031-07-20 12:13:53 UTC",,0
00-8734191,Timothea,Summergill,12/11/1983,mujer,Training," $93,956 ",8/27/2004,,,1
00-8772885,Thorn,Kidston,10/15/1967,hombre,Engineering," $95,230 ",11/22/2017,"2022-03-26 06:01:47 UTC",,0
00-8823459,Irvine,Shillinglaw,11/15/1997,hombre,Engineering," $172,924 ",9/30/2001,,,1
00-8842682,Lissi,Copcote,1/21/1993,mujer,Engineering," $176,373 ",08/05/2016,,,0
00-8912428,Brana,Gwin,5/20/1979,hombre,Accounting," $96,168 ",7/15/2019,,,0
00-8960230,Mohandis,Piecha,10/04/1995,mujer,Engineering," $170,790 ",05/04/2007,,,0
00-9028931,Caressa,"Van Leeuwen",7/14/1976,mujer,Engineering," $138,682 ",12/02/2018,,,0
00-9061522,Garrard,Oakenfull,6/13/1996,hombre,Sales," $141,948 ",10/01/2020,,,1
00-9089278,Chrissy,Zamudio,03/09/1987,hombre,Services," $73,289 ",2/22/2006,,,0
00-9125378,Rosie,Denyakin,12/31/1979,mujer,Engineering," $154,987 ",6/30/2020,,,1
00-9129949,Margery,Darbyshire,06/07/1989,hombre,Training," $103,376 ",4/20/2015,,,0
00-9148951,Sybilla,Oleszkiewicz,10/17/1970,mujer,Accounting," $76,378 ",09/03/2012,,,0
00-9220924,Chrysler,Brekonridge,12/17/1979,hombre,Engineering," $99,239 ",9/29/2004,,,1
00-9244844,Roselin,Warke,03/04/1991,mujer,Services," $105,489 ",3/31/2009,,,1
00-9248315,Lettie,Shute,05/02/1981,mujer,Engineering," $157,248 ",5/18/2012,,,0
00-9256735,Alphonse,Horsewood,03/06/1997,mujer,Engineering," $123,684 ",9/16/2001,,,1
00-9261338,Sharline,Andrzej,1/17/1974,hombre,Accounting," $158,433 ",5/19/2009,,,1
00-9351773,Liesa,Melling,5/16/1997,mujer,Auditing," $166,453 ",10/30/2008,,,0
00-9358294,Dale,Whitland,12/04/2000,hombre,Accounting," $142,805 ",08/03/2005,,,0
00-9378033,Mechelle,Waggatt,03/08/1977,mujer,"Human Resources"," $157,155 ",3/14/2016,,,0
00-9436631,Curr,"De Biasi",1/25/2000,mujer,"Business Development"," $101,604 ",09/06/2008,,,1
00-9445290,Audra,Burdus,7/23/1978,hombre,Services," $101,710 ",1/21/2010,,,1
00-9477913,Merlina,Laing,04/02/1986,mujer,Engineering," $152,098 ",1/27/2009,,,0
00-9519379,Lorianna,Hayley,5/30/1993,hombre,Engineering," $146,324 ",10/01/2012,,,1
00-9624016,Carina,Finan,3/18/1997,mujer,Engineering," $183,905 ",10/07/2015,,,1
00-9627775,Nana,Grimme,2/23/1973,hombre,"Product Management"," $151,834 ",09/02/2018,,,1
00-9700945,Zora,Peller,9/25/1980,hombre,Accounting," $118,772 ",08/02/2012,,,1
00-9731481,Kelbee,Noni,3/18/1992,mujer,Engineering," $102,047 ",06/03/2020,"2036-12-06 16:11:08 UTC",,0
00-9763187,Amandy,Lafferty,7/23/1984,hombre,Marketing," $147,523 ",1/28/2017,,,0
00-9782513,Kerianne,Bault,7/21/1992,mujer,"Business Development"," $144,361 ",07/08/2003,,,1
00-9792606,Kalle,Minchindon,8/21/1983,hombre,Accounting," $77,167 ",6/30/2002,,,0
00-9837994,Adam,Tremoille,6/16/1991,hombre,"Human Resources"," $141,864 ",8/20/2007,,,1
00-9880182,Fan,Lockley,7/27/1998,hombre,Support," $97,907 ",6/24/2012,,,0
00-9896573,Shae,Avramow,9/18/1967,mujer,"Human Resources"," $156,913 ",5/18/2006,,,1
01-0027092,Jock,Aarons,12/23/1988,mujer,Engineering," $173,688 ",08/11/2002,,,1
01-0036386,Dion,Sundin,09/04/1971,mujer,"Human Resources"," $142,629 ",10/08/2005,,,1
01-0038079,Tierney,Oldknow,10/24/1969,mujer,Support," $168,965 ",5/18/2004,,,1
01-0074905,Robinson,"Le Moucheux",06/10/1982,mujer,"Human Resources"," $118,739 ",3/28/2015,"2019-02-01 16:58:06 UTC",,0
01-0116125,Upton,Bowater,05/10/1972,mujer,Accounting," $75,007 ",1/17/2013,,,0
01-0169206,Whitney,Garred,10/10/1985,mujer,"Business Development"," $167,035 ",06/02/2017,,,0
01-0204393,Josephine,Marriot,3/30/2002,mujer,Engineering," $147,302 ",3/19/2011,,,1
01-0280611,Larine,Dreakin,07/08/1983,hombre,Engineering," $155,052 ",1/18/2003,,,0
01-0348994,Wainwright,Osban,5/14/1987,hombre,Sales," $102,713 ",11/14/2001,,,1
01-0364885,Orella,Brim,4/21/2000,hombre,"Human Resources"," $93,546 ",11/25/2019,,,0
01-0373372,Aldus,Sturr,08/11/1976,hombre,Services," $184,237 ",03/08/2020,,,0
01-0381181,Merv,Weiss,09/08/1982,mujer,Accounting," $161,942 ",8/29/2003,"2019-08-08 15:02:56 UTC",,0
01-0417194,Nissy,Reskelly,03/02/1967,hombre,Support," $93,740 ",1/13/2017,"2019-11-19 15:30:43 UTC",,0
01-0502994,Jaynell,Hunnybun,05/02/1971,mujer,"Product Management"," $171,244 ",02/10/2004,,,1
01-0506260,Ives,Phette,11/17/1988,hombre,"Human Resources"," $129,518 ",9/18/2015,,,0
01-0551724,Moina,Gabby,11/22/1993,hombre,Support," $119,318 ",12/03/2016,,,1
01-0586118,Barry,Bryns,1/24/2000,mujer,Engineering," $138,901 ",2/22/2012,,,0
01-0600294,Susanna,Bushell,5/26/1998,hombre,"Product Management"," $69,282 ",8/14/2015,"2016-12-12 03:55:46 UTC",,0
01-0641203,Forrester,Dadge,9/16/1976,mujer,Engineering," $131,492 ",9/20/2013,,,0
01-0645501,Shanon,Fonzone,4/29/2001,hombre,"Human Resources"," $173,104 ",1/24/2005,,,0
01-0663336,Elisabet,Allchorne,09/04/1979,hombre,Sales," $145,410 ",4/13/2002,,,0
01-0692047,Yorgo,Pywell,10/05/1981,hombre,Accounting," $156,459 ",9/13/2002,,,1
01-0708619,Calvin,Tudor,12/19/1985,mujer,Services," $105,777 ",5/24/2013,,,0
01-0770833,Louise,Spottiswoode,2/22/1993,hombre,Sales," $146,168 ",5/14/2019,"2028-02-11 16:18:48 UTC",,1
01-0807331,Gene,Renals,3/29/1968,mujer,Legal," $141,951 ",11/30/2016,"2031-02-23 16:16:06 UTC",,1
01-0892737,Noni,Stuttard,1/26/1985,hombre,Engineering," $93,995 ",12/10/2006,,,0
01-0896141,Richmound,Aust,5/20/1993,hombre,Support," $122,377 ",07/12/2011,"2030-06-01 02:32:46 UTC",,1
01-0957306,Thelma,Nanson,8/31/1972,hombre,Services," $171,064 ",11/18/2012,,,0
01-1097895,Sayer,Balcock,04/08/1992,mujer,Sales," $69,554 ",08/02/2002,,,1
01-1147276,Philis,Bayne,01/02/1986,hombre,"Human Resources"," $84,712 ",9/14/2014,,,1
01-1215079,Maribelle,Shankster,08/02/1996,hombre,"Human Resources"," $138,654 ",10/10/2012,"2025-01-15 18:21:59 UTC",,1
01-1228565,Otho,Lernihan,4/24/1968,hombre,Support," $80,863 ",11/06/2000,,,0
01-1253052,Dena,Kob,12/15/1985,hombre,Accounting," $141,659 ",10/09/2002,,,0
01-1268137,Loreen,Bewicke,1/24/1981,mujer,Engineering," $108,910 ",10/03/2009,"2017-07-19 18:48:18 UTC",,1
01-1280118,Tannie,Dillamore,10/03/2000,mujer,Sales," $163,542 ",8/27/2002,,,1
01-1409605,Cayla,Hubbis,5/25/1975,mujer,"Product Management"," $101,503 ",11/19/2015,,,0
01-1414652,Cleavland,Dodridge,08/11/1974,hombre,Engineering," $94,617 ",02/08/2011,,,0
01-1504920,Leyla,Stiell,1/29/1995,mujer,Training," $179,568 ",01/10/2010,,,1
01-1531866,Brier,Mansel,11/04/1991,hombre,"Business Development"," $94,099 ",01/02/2004,,,1
01-1552788,Manon,Sive,11/12/1989,hombre,Engineering," $133,399 ",4/15/2018,,,0
01-1627226,Clementine,Chatain,7/13/1970,hombre,"Research and Development"," $114,016 ",3/31/2018,,,1
01-1660610,Xenos,Vallerine,09/03/1972,mujer,Training," $156,861 ",06/03/2006,"2007-07-15 21:30:35 UTC",,1
01-1732321,Roddy,Dimanche,9/28/1971,mujer,Engineering," $109,548 ",7/29/2018,,,0
01-1734242,Munmro,Keirl,7/21/1994,mujer,Services," $106,276 ",6/13/2016,"2036-05-28 08:45:04 UTC",,0
01-1808657,Wallie,Kemet,2/27/1977,mujer,Accounting," $71,623 ",01/12/2009,,,0
01-1814975,Nell,Mepsted,06/07/1984,hombre,Services," $174,117 ",9/27/2008,,,0
01-1836101,Montague,Snooks,8/16/2001,hombre,Services," $96,615 ",8/20/2003,,,1
01-1941908,Sue,Zelake,12/30/1988,mujer,"Human Resources"," $112,844 ",05/02/2018,,,0
01-1960711,Allegra,Drury,01/02/1990,hombre,"Human Resources"," $107,129 ",1/29/2005,,,0
01-1978400,Janie,Schiefersten,8/19/1992,mujer,"Human Resources"," $180,553 ",2/18/2006,,,1
01-2020198,Piper,Murcutt,2/28/1997,hombre,Services," $81,291 ",4/19/2013,,,1
01-2088180,Noemi,Veljes,1/15/1971,mujer,Sales," $97,116 ",4/19/2018,,,1
01-2097413,Hugues,Balog,12/19/1975,hombre,Engineering," $133,393 ",07/07/2004,"2010-04-08 02:34:32 UTC",,0
01-2132667,Ginnifer,Worssam,8/23/1990,hombre,Engineering," $68,321 ",04/08/2010,,,1
01-2171203,Darelle,Beall,2/28/1987,mujer,Engineering," $102,355 ",12/06/2005,,,0
01-2267883,Gamaliel,Cowsby,05/03/1975,hombre,Engineering," $84,350 ",7/31/2005,,,0
01-2313150,Bee,Daymond,3/21/1994,hombre,Accounting," $114,767 ",11/10/2006,,,1
01-2328373,Ced,Grutchfield,05/10/1980,hombre,"Business Development"," $69,598 ",03/01/2019,,,0
01-2355796,Aila,Seares,10/15/1974,mujer,"Human Resources"," $113,025 ",1/18/2020,,,1
01-2363709,Yorker,Tritton,5/19/1999,hombre,Engineering," $176,068 ",11/10/2000,,,0
01-2387075,Rubi,Simmins,04/02/1974,mujer,Services," $136,654 ",9/28/2019,,,1
01-2451586,Timi,Cunnah,11/08/1994,mujer,"Business Development"," $114,797 ",4/19/2003,,,0
01-2465977,Hube,Simmig,8/20/1981,hombre,"Product Management"," $150,927 ",2/16/2009,,,1
01-2470877,Nixie,Very,11/19/1970,hombre,Training," $137,289 ",04/11/2015,"2029-05-09 00:52:12 UTC",,1
01-2488429,Shelagh,Gilfether,9/15/1996,hombre,Marketing," $122,158 ",1/25/2001,,,0
01-2541527,Augustina,Bradnam,01/10/1984,hombre,Legal," $163,331 ",10/24/2008,,,1
01-2612988,Avigdor,Date,4/30/1999,mujer,"Human Resources"," $120,702 ",01/05/2007,,,1
01-2630437,Shellysheldon,Wilks,10/02/2001,mujer,"Business Development"," $173,005 ",6/17/2018,,,0
01-2645802,Samaria,Chalcot,9/24/1969,mujer,"Human Resources"," $138,784 ",7/31/2011,,,1
01-2689848,Editha,Shimmings,3/17/1968,hombre,Engineering," $128,212 ",10/13/2008,,,0
01-2788678,Kaylil,Horning,5/28/1986,mujer,Marketing," $121,218 ",9/27/2002,,,0
01-2879659,Forrester,Dowden,3/14/1967,hombre,Engineering," $154,281 ",10/16/2004,,,0
01-2937041,Hussein,Barff,9/25/1997,hombre,Accounting," $76,381 ",9/16/2010,,,0
01-2960698,Anallise,Ingraham,07/12/1967,hombre,Engineering," $119,826 ",2/14/2010,,,0
01-3002835,Imojean,Cleaton,3/20/1970,hombre,"Business Development"," $178,445 ",08/03/2002,,,1
01-3016077,Manny,Cleft,11/01/1965,hombre,Engineering," $106,997 ",9/30/2003,,,1
01-3018825,Franzen,Londors,12/03/1967,mujer,Sales," $126,494 ",12/15/2003,"2010-12-03 02:26:18 UTC",,1
01-3159066,Delaney,Padell,12/04/1972,hombre,Accounting," $161,277 ",8/17/2015,,,0
01-3233687,Quinlan,Rayson,09/11/1966,hombre,"Human Resources"," $78,456 ",11/08/2013,,,1
01-3364844,Lyda,Greaterex,2/17/1980,hombre,"Human Resources"," $176,676 ",2/13/2001,,,0
01-3541845,Gusella,Tavner,4/14/1994,hombre,"Research and Development"," $126,058 ",3/13/2012,,,1
01-3665845,Abagael,"    Wildin",12/27/1971,mujer,Sales," $128,750 ",8/17/2003,,"August 29, 2022",0
01-3741902,Riki,Purrier,11/23/1979,hombre,"Business Development"," $96,966 ",7/19/2019,,,0
01-3752254,Bryn,Lomb,11/14/1995,hombre,Accounting," $149,590 ",3/29/2004,"2025-04-23 14:38:19 UTC",,1
01-3753257,Kizzee,Horick,01/04/1995,mujer,Services," $161,612 ",5/31/2016,,,0
01-3784389,Fenelia,Ducham,3/31/1966,hombre,Services," $115,046 ",8/31/2016,,,0
01-3900995,Gerome,Lambird,06/02/1992,hombre,Training," $71,888 ",6/28/2019,,,0
01-3904693,Vanda,Wildber,1/26/1988,mujer,Engineering," $154,982 ",1/17/2014,,,1
01-3920526,Jeffry,Morando,03/02/1998,mujer,Accounting," $92,721 ",5/29/2012,,,1
01-3950822,Jaquenetta,Otham,2/15/2001,hombre,Accounting," $158,086 ",03/04/2003,"2012-05-12 11:17:23 UTC",,1
01-3970659,Ericka,Donwell,12/17/1981,mujer,Engineering," $175,201 ",1/17/2004,,,1
01-3999156,Sam,Boyett,04/12/1990,hombre,Services," $163,031 ",5/26/2005,"2017-02-12 21:19:29 UTC",,0
01-4138486,Lynea,Handman,8/17/1980,hombre,Engineering," $90,614 ",06/03/2008,,,1
01-4149921,Katya,Rannald,03/01/2000,hombre,"Business Development"," $129,267 ",5/19/2003,,,1
01-4227090,Ethelind,Bransdon,2/28/1988,mujer,Accounting," $81,383 ",07/04/2002,,,0
01-4228010,Gertruda,Prudham,6/20/1967,hombre,"Business Development"," $141,543 ",6/17/2020,,,0
01-4236217,Melissa,Chazotte,12/22/1998,hombre,"Human Resources"," $144,553 ",04/01/2010,"2015-01-12 13:19:53 UTC",,1
01-4276406,Nari,McGarrell,2/18/1980,mujer,Engineering," $174,984 ",02/12/2002,,,0
01-4278390,Godfrey,Mourge,9/22/1972,mujer,Engineering," $103,488 ",08/07/2014,,,1
01-4278780,Ysabel,Evetts,02/03/1975,hombre,Accounting," $84,817 ",06/09/2015,,,1
01-4279334,Marya,Gabbotts,2/23/1986,hombre,"Research and Development"," $177,373 ",03/02/2001,"2019-07-24 21:54:17 UTC",,0
01-4289996,Luca,Caslett,08/07/1971,mujer,Services," $75,455 ",01/03/2010,,,0
01-4335725,Godfrey,Rathe,6/21/1966,hombre,Engineering," $139,387 ",2/25/2004,,,1
01-4338312,Ricki,Lowde,11/16/1981,mujer,"Business Development"," $81,628 ",11/21/2000,,,1
01-4377551,Valaree,Jones,10/22/1979,mujer,Services," $175,476 ",03/05/2007,,,1
01-4425713,Jocelyn,Gothrup,10/04/1989,hombre,"Human Resources"," $128,750 ",6/26/2005,,,0
01-4458473,Mabelle,Lamping,8/18/2000,hombre,Accounting," $137,771 ",8/19/2014,,,0
01-4497883,Brew,Borrott,02/07/1992,hombre,"Product Management"," $150,533 ",06/05/2008,,,0
01-4570713,Dalila,Stobbs,11/08/1977,hombre,Engineering," $81,417 ",8/29/2018,,,1
01-4613458,Harmonia,McGoon,12/28/1992,hombre,Engineering," $149,426 ",10/06/2009,"2016-04-05 20:55:10 UTC",,0
01-4620408,Linzy,Geeves,9/21/1981,hombre,Engineering," $141,586 ",7/24/2008,"2020-01-21 12:13:17 UTC",,1
01-4624711,Nanon,Boycott,09/10/1988,mujer,Accounting," $99,613 ",7/25/2007,,,0
01-4659570,Ernest,Hitzschke,10/20/1969,hombre,Engineering," $164,810 ",12/14/2008,,,1
01-4684900,Lalo,O'Hannay,07/08/1996,hombre,Engineering," $113,589 ",9/16/2008,,,0
01-4807422,Brina,Gabbetis,11/29/1997,mujer,"Business Development"," $88,835 ",05/07/2005,"2017-12-10 07:27:44 UTC",,0
01-4810979,Rosamond,Casetti,9/18/1980,mujer,Training," $139,428 ",10/09/2001,,,1
01-4857076,Goddart,Bramford,5/26/1979,hombre,Accounting," $132,301 ",04/12/2019,,,1
01-4886962,Phaedra,Kolczynski,02/02/1991,mujer,Training," $114,461 ",11/02/2012,,,1
01-4913209,Alexina,Cumesky,12/03/1987,hombre,Engineering," $88,313 ",07/06/2014,"2028-10-21 07:08:16 UTC",,1
01-4928191,Duane,Hegley,3/22/1973,hombre,Training," $167,322 ",04/03/2018,,,0
01-4984757,Gwynne,Elesander,12/20/1978,hombre,Engineering," $87,646 ",07/09/2002,"2007-11-28 02:00:57 UTC",,1
01-5000513,Cherye,Braycotton,11/03/2001,mujer,Engineering," $71,565 ",08/08/2012,,,0
01-5051565,Merrielle,Scottesmoor,4/20/1987,hombre,Engineering," $77,951 ",08/07/2009,"2030-03-17 13:45:06 UTC",,1
01-5086800,Abbey,Ethridge,7/26/1990,mujer,Sales," $72,702 ",09/10/2016,,,1
01-5132160,Ruprecht,Leander,07/11/1967,mujer,"Business Development"," $149,604 ",3/20/2007,,,0
01-5140944,Clarence,Izakovitz,01/10/2000,hombre,"Business Development"," $140,943 ",04/05/2012,,,0
01-5188629,Shirline,Sprake,2/15/1969,hombre,"Product Management"," $95,946 ",03/02/2016,"2023-04-08 15:09:59 UTC",,1
01-5194896,Gay,Maasz,9/29/1969,mujer,Engineering," $66,030 ",8/25/2010,"2026-09-21 15:01:23 UTC",,1
01-5197804,Kellen,Huffy,09/11/1991,mujer,Services," $76,297 ",1/21/2015,,,1
01-5212721,Winnifred,Bartel,8/15/1973,hombre,Engineering," $182,660 ",08/11/2001,,,0
01-5310504,Kile,Zannolli,06/07/1982,mujer,"Human Resources"," $178,933 ",04/02/2013,"2028-07-17 22:35:07 UTC",,1
01-5332751,Wallie,Trumper,1/17/1970,mujer,Accounting," $78,299 ",8/22/2011,,,0
01-5377792,Udall,Beastall,03/10/1972,mujer,Engineering," $148,130 ",9/27/2001,,,1
01-5414755,Aksel,"Sainte Paul",05/03/1982,mujer,Accounting," $173,862 ",06/02/2013,,,0
01-5439970,Ian,Hens,7/22/1988,mujer,Engineering," $119,267 ",11/04/2002,,,0
01-5511863,Ogden,McGeraghty,6/15/1975,mujer,"Product Management"," $77,512 ",02/11/2002,,,0
01-5543216,Meghann,McNaughton,7/18/1976,mujer,Engineering," $148,820 ",03/01/2002,,,1
01-5560541,Neil,Spurier,10/09/1982,hombre,Support," $180,805 ",5/19/2013,"2014-02-15 11:48:55 UTC",,0
01-5595346,Seline,Rzehorz,07/05/1976,mujer,Training," $158,894 ",08/06/2008,,,0
01-5629059,Aggy,Heinzler,04/10/1993,mujer,Engineering," $154,300 ",2/26/2019,,,1
01-5815328,Jobina,Skillings,5/31/1997,hombre,Engineering," $107,818 ",6/16/2007,,,1
01-5869912,Salvatore,Woodvine,12/13/1985,mujer,"Human Resources"," $128,023 ",8/16/2007,,,1
01-5888187,Brooke,Leijs,04/01/1995,hombre,Marketing," $95,382 ",06/08/2003,,,0
01-5891249,Jordan,Crust,7/26/1980,mujer,Services," $172,896 ",8/15/2015,"2030-02-23 12:25:16 UTC",,0
01-5926286,Vivi,Conerding,2/25/1974,hombre,"Business Development"," $152,985 ",11/07/2004,"2017-12-10 23:00:20 UTC",,0
01-5930949,Mathias,Jindracek,05/03/1978,mujer,Services," $87,135 ",8/22/2004,,,0
01-5945630,Gisella,Iltchev,2/18/1999,mujer,Accounting," $181,518 ",10/06/2014,"2024-08-05 03:16:16 UTC",,0
01-6093681,Kattie,Fransinelli,12/08/1971,mujer,Training," $81,789 ",02/02/2002,,,0
01-6119292,Bran,Goater,7/29/1969,mujer,Engineering," $162,322 ",7/18/2009,,,0
01-6155654,Milty,Halmkin,10/30/1971,mujer,Engineering," $68,732 ",6/25/2001,,,0
01-6192162,Timoteo,Clavey,8/14/1987,hombre,Engineering," $132,640 ",01/08/2018,,,1
01-6295694,Quintina,Fatkin,4/19/1989,hombre,Sales," $155,477 ",2/28/2014,,,0
01-6312121,Clayborne,Tordiffe,12/23/1993,hombre,"Business Development"," $133,652 ",7/16/2002,,,1
01-6322845,Carlotta,Fogel,12/24/1983,mujer,"Product Management"," $105,997 ",1/31/2013,,,1
01-6437411,"Jo ann",Deegin,02/11/1978,hombre,Engineering," $180,840 ",12/25/2014,,,0
01-6495249,Colby,Tylor,4/19/1982,hombre,Accounting," $160,673 ",4/16/2011,,,0
01-6555347,Brittney,Ivison,12/15/1975,hombre,Services," $151,166 ",02/03/2001,,,1
01-6675581,Adolph,Gannaway,12/27/1968,hombre,"Human Resources"," $100,852 ",9/22/2018,"2036-09-22 09:47:23 UTC",,1
01-6693422,Kenyon,Bramford,1/14/1970,hombre,Engineering," $141,129 ",5/28/2006,"2018-12-10 05:44:18 UTC",,1
01-6696887,Maximilien,Hardstaff,12/27/1986,mujer,Engineering," $66,547 ",6/28/2011,,,1
01-6720875,Madelina,McMurtyr,9/28/1992,mujer,Engineering," $148,970 ",9/14/2013,,,0
01-6820916,Aluino,Hay,12/15/1971,mujer,Training," $150,227 ",4/17/2002,,,1
01-6845961,Darrick,Kimbling,09/04/1967,mujer,Engineering," $138,720 ",3/20/2002,"2012-06-25 21:54:19 UTC",,1
01-6945383,Margarete,Arnull,7/26/1990,hombre,"Research and Development"," $153,176 ",11/02/2003,"2008-08-02 14:57:23 UTC",,0
01-6978020,Caitrin,Renzo,5/14/1992,mujer,Accounting," $145,825 ",01/06/2003,,,0
01-7042966,Cassie,Stawell,04/01/1993,mujer,Sales," $153,930 ",11/25/2011,,,1
01-7115203,Gillian,Dorrell,5/19/1999,hombre,Engineering," $182,357 ",07/05/2009,,,0
01-7152335,Harv,Fouracres,1/20/1968,hombre,Support," $68,579 ",7/14/2016,,,1
01-7178787,Dyana,Ferrarese,9/20/1969,hombre,Training," $152,623 ",5/23/2006,,,1
01-7201642,Harley,"St. Quintin",11/23/1975,mujer,Engineering," $87,050 ",06/01/2019,"2026-03-22 13:10:14 UTC",,0
01-7205028,Lexie,Powers,2/17/1971,hombre,Services," $119,631 ",9/13/2016,,,0
01-7283521,Lacee,Gotter,11/22/1997,hombre,Accounting," $104,965 ",8/18/2010,,,1
01-7306927,Alic,Wilcinskis,12/29/1990,hombre,"Human Resources"," $172,784 ",4/19/2004,,,0
01-7331210,Lisle,Laborde,3/29/1981,hombre,Accounting," $158,307 ",10/24/2014,,,0
01-7368774,Bil,Lancastle,9/30/1973,hombre,Training," $119,120 ",1/28/2014,,,0
01-7405105,Terrill,Denerley,12/23/1988,mujer,Services," $128,848 ",11/02/2011,"2015-10-19 21:15:21 UTC",,0
01-7446563,Iolande,Patchett,11/07/1965,hombre,Engineering," $109,705 ",3/24/2005,"2006-12-13 03:12:33 UTC",,1
01-7619154,Saul,Mayman,6/28/1972,mujer,Engineering," $78,359 ",04/09/2003,,,1
01-7662642,Nolly,Bayston,1/23/1994,mujer,Services," $164,372 ",08/06/2004,,,0
01-7681796,Michael,Girke,8/28/1967,hombre,Accounting," $120,609 ",8/28/2012,,,0
01-7713037,Rory,Wentworth,12/23/1979,hombre,Sales," $83,088 ",3/19/2004,,,1
01-7782368,Carlita,Enevold,07/01/2000,hombre,Accounting," $80,034 ",4/26/2016,,,0
01-7851887,Sorcha,Agget,6/22/1967,mujer,Accounting," $167,529 ",3/13/2004,"2023-09-28 02:22:45 UTC",,1
01-7876427,Ara,Klimushev,4/29/1983,hombre,"Research and Development"," $68,245 ",12/03/2005,"2016-05-11 05:33:21 UTC",,1
01-7876988,Eilis,Cinderey,11/08/1980,hombre,Accounting," $149,710 ",11/25/2010,,,0
01-7897570,Winnie,Sheldon,07/10/1996,hombre,Engineering," $171,890 ",12/04/2006,,,1
01-8019865,Marline,Bailiss,4/18/2002,hombre,Engineering," $105,827 ",10/10/2002,,,0
01-8128449,Maryrose,Sinisbury,7/29/1968,hombre,Engineering," $178,905 ",02/01/2013,,,0
01-8146931,Walker,Antognazzi,11/05/1992,hombre,Engineering," $172,210 ",09/01/2010,,,1
01-8334686,Ermentrude,Grogan,04/12/1988,hombre,"Human Resources"," $104,362 ",10/31/2005,,,1
01-8372820,Micky,Chaffey,11/05/1979,hombre,Engineering," $130,726 ",08/02/2018,,,1
01-8402838,Abbott,Springham,3/16/1992,hombre,Accounting," $151,323 ",6/27/2016,,,0
01-8524782,Benedick,Wann,4/22/1983,hombre,Engineering," $122,766 ",5/15/2018,,,1
01-8526961,Kiley,McCarry,7/31/1982,hombre,Training," $132,522 ",5/31/2009,,,1
01-8540361,Rodi,McBeath,01/06/1969,hombre,Services," $128,491 ",2/19/2011,"2028-02-01 02:56:47 UTC",,0
01-8603287,Trenton,Chatband,3/18/1976,mujer,Engineering," $161,031 ",9/21/2008,,,0
01-8615912,Lovell,Nolton,04/03/1977,hombre,Accounting," $92,033 ",11/14/2000,,,0
01-8623808,Caryl,Dodshun,12/03/1974,mujer,Training," $119,316 ",10/12/2011,,,0
01-8636615,Kali,Duffield,5/17/1979,hombre,Support," $72,343 ",06/04/2004,,,1
01-8651064,Crin,Sculpher,12/18/2000,mujer,Legal," $150,282 ",08/07/2019,,,0
01-8688584,Jesselyn,Coggin,03/04/1991,mujer,Accounting," $159,165 ",09/11/2004,,,0
01-8774464,Lydon,Vynehall,4/15/1971,mujer,Engineering," $107,583 ",7/23/2004,,,1
01-8805399,Hunter,Learman,03/02/2001,mujer,Accounting," $152,781 ",4/20/2003,,,1
01-8840917,Rich,Horsted,4/18/1985,hombre,Engineering," $154,919 ",5/13/2015,"2020-06-03 19:22:49 UTC",,0
01-8878283,D'arcy,Rushsorth,08/04/1981,mujer,Support," $146,427 ",05/09/2016,"2016-12-15 17:05:01 UTC",,0
01-9043837,Eli,Quarrell,6/22/1989,hombre,Engineering," $180,652 ",9/28/2010,,,1
01-9079140,Brett,Trudgian,9/24/1974,hombre,Engineering," $152,602 ",5/28/2013,,,1
01-9093998,Beatrix,Youens,12/18/1997,mujer,Sales," $131,402 ",1/31/2003,,,1
01-9096171,Erwin,Licciardi,8/29/1988,hombre,Engineering," $124,657 ",11/11/2006,,,1
01-9159899,Daryle,Zanre,10/26/1978,hombre,Engineering," $181,519 ",10/02/2020,,,0
01-9288581,Candi,Waples,12/15/1965,mujer,Services," $175,957 ",5/21/2005,,,1
01-9295189,Dimitry,Manske,01/12/1987,hombre,"Research and Development"," $116,369 ",01/06/2018,,,0
01-9307405,Tabby,MacRannell,05/09/1971,hombre,Accounting," $83,805 ",8/30/2019,,,0
01-9495555,Virginie,Calverd,03/04/1969,mujer,"Human Resources"," $83,169 ",11/28/2016,"2034-09-12 21:45:33 UTC",,0
01-9513649,Sasha,Bassick,7/18/1978,hombre,"Product Management"," $78,536 ",05/08/2009,,,1
01-9513779,Sindee,Oakeby,2/25/1968,mujer,Accounting," $158,192 ",8/20/2005,,,0
01-9549593,Tad,Armitage,9/23/1972,mujer,"Business Development"," $115,729 ",07/08/2013,,,1
01-9664663,Regina,Faircliff,8/23/1975,hombre,Services," $132,183 ",8/17/2003,,,1
01-9688532,Deeanne,Laurand,03/03/1977,hombre,Accounting," $94,162 ",10/29/2011,"2024-07-07 16:10:05 UTC",,1
01-9742001,Pierette,Ramas,07/03/2002,hombre,Training," $143,952 ",07/04/2009,"2016-01-03 10:06:30 UTC",,0
01-9817509,Garret,McDougle,06/05/1998,mujer,Sales," $141,721 ",11/01/2016,,,1
01-9822993,Peta,Petkens,6/23/1979,hombre,"Business Development"," $148,242 ",9/27/2002,,,0
01-9903001,Aubrey,Clint,12/03/1966,mujer,Sales," $94,329 ",3/25/2010,,,1
01-9906674,Malcolm,Garbott,6/21/1989,mujer,Engineering," $88,323 ",11/13/2000,,,1
01-9949768,Tiff,Cayzer,3/18/1977,hombre,"Human Resources"," $130,466 ",02/10/2006,,,1
01-9957786,Blondy,Orviss,10/12/1992,hombre,"Business Development"," $156,637 ",9/16/2003,"2004-07-24 18:10:24 UTC",,1
02-0023435,Georgy,Allitt,04/12/1979,hombre,Engineering," $126,745 ",6/18/2011,"2016-06-13 13:03:21 UTC",,0
02-0157039,Meghan,Baptiste,04/07/1999,mujer,"Product Management"," $94,197 ",12/29/2001,,,1
02-0213470,Celeste,Shynn,06/09/1994,mujer,"Business Development"," $120,226 ",1/23/2015,,,0
02-0283310,Halli,McDoual,9/29/1972,hombre,"Human Resources"," $138,566 ",12/12/2001,,,1
02-0365819,Burlie,Portriss,10/28/1990,mujer,Services," $130,366 ",10/12/2002,,,0
02-0455590,Sheffield,Northey,03/05/1984,mujer,Accounting," $97,679 ",10/22/2002,,,0
02-0492717,Stormi,McIlmorie,7/23/1973,hombre,Services," $146,259 ",11/13/2002,"2010-09-28 09:44:54 UTC",,1
02-0553123,Melloney,Gooley,6/18/1992,hombre,"Human Resources"," $134,234 ",06/10/2020,,,0
02-0564663,Roselin,Bohlje,11/21/1984,mujer,Engineering," $168,501 ",11/08/2018,,,1
02-0583383,Mada,Chamberlin,1/15/1978,hombre,"Business Development"," $153,507 ",07/01/2004,,,0
02-0602046,Rafe,Marven,12/05/1974,hombre,Support," $86,948 ",01/03/2012,,,0
02-0691316,Ugo,Eake,8/20/1996,hombre,Engineering," $112,355 ",12/04/2002,,,1
02-0702454,Shayne,Banford,10/18/1990,mujer,Sales," $123,399 ",8/16/2018,,,0
02-0716914,Valerye,Whillock,04/10/1967,mujer,"Human Resources"," $172,722 ",04/05/2009,,,1
02-0731356,Fraze,Charpin,03/12/1998,hombre,Training," $147,404 ",01/07/2004,,,1
02-0895485,Maynord,Spiteri,6/21/1985,hombre,Accounting," $179,581 ",06/05/2007,,,0
02-0921000,Hall,Gallon,04/08/1988,hombre,Engineering," $94,993 ",10/05/2018,"2029-08-26 16:45:11 UTC",,1
02-0984298,Demetrius,Repp,1/30/1975,hombre,Engineering," $105,142 ",6/19/2005,"2016-04-12 15:56:23 UTC",,0
02-1060745,Rob,Tuite,10/20/1986,mujer,"Human Resources"," $166,879 ",12/27/2007,,,0
02-1061011,Esta,Crosthwaite,2/17/1986,hombre,Engineering," $138,699 ",5/16/2001,,,0
02-1115741,Barri,Seyfart,07/11/1980,mujer,Engineering," $183,815 ",2/18/2018,"2018-11-26 03:53:19 UTC",,1
02-1183833,Jania,Beacroft,3/17/1973,hombre,Accounting," $163,719 ",4/20/2017,,,1
02-1202510,Valina,Grindall,6/28/1989,hombre,"Business Development"," $86,188 ",4/30/2018,,,1
02-1226234,Elka,Casari,8/25/2001,hombre,Accounting," $109,633 ",8/17/2001,,,0
02-1272283,Benjie,Vasechkin,4/25/1990,hombre,Sales," $96,468 ",6/15/2005,"2017-12-20 14:11:12 UTC",,0
02-1399070,Sampson,Mobberley,4/30/1994,hombre,Accounting," $96,938 ",4/25/2017,,,1
02-1411026,Rollins,MacNockater,03/08/1966,hombre,Engineering," $103,165 ",08/04/2010,,,0
02-1443955,Terra,Quixley,12/02/1968,hombre,"Business Development"," $183,546 ",05/06/2008,,,1
02-1473847,Sergio,Covington,5/26/1974,hombre,"Human Resources"," $119,136 ",7/18/2003,,,0
02-1552311,Skye,Janusik,10/14/1972,hombre,Accounting," $105,419 ",1/14/2006,,,1
02-1558372,Charlotta,Wayne,2/20/2000,mujer,"Research and Development"," $174,333 ",04/04/2002,,,0
02-1638262,Kalindi,Allan,08/02/1996,mujer,Engineering," $91,970 ",10/07/2016,,,0
02-1821357,Corette,Borell,08/07/1967,hombre,Sales," $136,731 ",4/19/2008,"2012-03-13 20:49:26 UTC",,0
02-1851628,Wayne,Bilbee,04/06/1981,hombre,Engineering," $160,232 ",10/13/2010,,,0
02-2012861,Gilbertina,Deschelle,11/21/1975,mujer,"Business Development"," $102,890 ",10/18/2004,,,1
02-2016173,Irina,Sheather,5/19/1975,mujer,Accounting," $142,318 ",01/06/2006,,,0
02-2053862,Enriqueta,Preshous,02/08/1994,mujer,Accounting," $122,331 ",5/31/2019,,,1
02-2164900,Sukey,Gathercoal,09/02/1977,mujer,Training," $98,008 ",04/01/2014,,,0
02-2245469,Dunc,Stock,3/25/1991,hombre,Engineering," $151,803 ",10/08/2017,,,1
02-2264688,Gearalt,Townshend,4/30/2002,mujer,Engineering," $124,415 ",12/09/2000,,,0
02-2375359,Vinny,Hattam,3/18/1968,mujer,Sales," $176,464 ",09/12/2015,,,0
02-2394964,Aube,Sivewright,7/19/1987,hombre,Engineering," $153,951 ",11/05/2006,,,1
02-2407293,Nessie,Gane,8/21/1979,mujer,Accounting," $142,127 ",5/15/2011,,,1
02-2430950,Oralia,Siddle,03/06/1997,mujer,Accounting," $159,641 ",12/14/2001,,,1
02-2437930,Ahmed,Lerhinan,6/17/1967,hombre,Services," $81,983 ",08/02/2017,,,0
02-2477945,Marley,Mordaunt,6/20/1995,hombre,"Business Development"," $158,576 ",02/10/2003,,,1
02-2482582,Wynn,Rean,3/23/1996,mujer,Accounting," $140,287 ",12/24/2016,,,1
02-2486666,Ardene,McQuillen,09/08/1995,hombre,Accounting," $66,388 ",08/04/2008,,,0
02-2504513,Freddy,Follett,08/03/1999,mujer,Accounting," $144,620 ",11/16/2018,,,1
02-2511143,Madeleine,O'Fallone,5/26/1987,hombre,Sales," $166,269 ",06/08/2011,,,1
02-2571312,Kingsley,Chansonnau,10/21/1967,mujer,Engineering," $98,168 ",4/27/2020,,,1
02-2582947,Chic,Cassam,12/04/2001,mujer,Engineering," $123,267 ",09/01/2001,,,1
02-2631691,Nicolas,Berkery,2/18/1971,mujer,Engineering," $140,623 ",1/13/2010,,,1
02-2764484,Hanson,Felton,11/16/1993,mujer,"Business Development"," $104,215 ",04/01/2017,,,1
02-2814569,Minor,Addess,3/27/1987,hombre,"Human Resources"," $91,191 ",03/02/2003,"2014-08-29 19:21:02 UTC",,0
02-2835404,Guido,Reichardt,07/05/1989,hombre,Engineering," $103,987 ",10/22/2009,,,1
02-2843005,Margarita,Wardle,03/06/1978,mujer,Engineering," $98,626 ",09/03/2009,,,0
02-2843030,Juan,Nesby,8/24/1989,hombre,Engineering," $138,419 ",3/22/2009,,,1
02-2868677,Roth,Crocken,8/30/2000,hombre,Support," $92,814 ",1/22/2004,,,1
02-2892865,Amby,Neilus,07/06/1981,hombre,Sales," $145,096 ",1/21/2004,,,1
02-2935618,Carmela,McElvogue,11/16/1966,hombre,Engineering," $70,746 ",3/19/2005,,,0
02-3043161,Rhodia,Kildahl,08/11/1972,hombre,"Research and Development"," $121,277 ",03/11/2010,"2021-09-10 07:27:41 UTC",,1
02-3091578,Wainwright,Domesday,01/09/1971,mujer,"Human Resources"," $169,616 ",10/03/2015,,,1
02-3116857,Ronny,Reye,09/12/1985,hombre,Services," $104,329 ",5/20/2017,,,0
02-3131184,Scot,Jaan,9/29/1985,hombre,Accounting," $103,328 ",3/28/2011,,,1
02-3178366,Calvin,Brislawn,06/06/1970,hombre,Engineering," $149,065 ",10/18/2018,"2032-02-05 00:56:21 UTC",,0
02-3241469,Abey,Cornuau,06/10/1979,mujer,Accounting," $112,070 ",08/09/2020,,,1
02-3265567,Gregoire,Salsbury,11/18/1982,hombre,Sales," $102,023 ",11/17/2020,,,0
02-3294319,Bruce,Kennefick,8/23/2000,hombre,"Product Management"," $82,900 ",4/22/2020,,,0
02-3365591,Hermy,Langan,11/11/1977,hombre,"Business Development"," $136,079 ",10/02/2015,,,1
02-3414035,Cloe,Wixey,12/14/1994,mujer,Sales," $68,336 ",07/07/2016,,,0
02-3429255,Calli,Ashlin,1/19/2000,hombre,Legal," $75,983 ",10/08/2004,"2012-06-10 17:51:48 UTC",,0
02-3511758,Lorelei,Idill,04/06/1981,hombre,"Business Development"," $84,477 ",6/14/2012,,,0
02-3640881,Gardener,Aim,5/20/1968,hombre,Engineering," $105,183 ",01/06/2008,,,0
02-3687358,Terra,Febry,04/04/1987,mujer,Training," $175,746 ",10/20/2006,"2023-03-27 23:02:04 UTC",,1
02-3704782,Annemarie,Bettenay,09/08/1993,mujer,Engineering," $82,146 ",02/07/2004,,,1
02-3710598,Rachel,Elven,9/20/1992,hombre,Services," $120,109 ",11/19/2012,,,0
02-3738192,Joy,Ebbens,2/13/1992,mujer,"Research and Development"," $67,394 ",6/20/2020,,,0
02-3845025,Etan,Espinet,11/26/2000,hombre,Engineering," $76,490 ",12/18/2002,,,1
02-3848206,Trip,Fallens,3/20/1993,mujer,Services," $120,221 ",07/10/2019,,,1
02-3928744,Ruben,Lilian,11/14/1971,hombre,Training," $71,738 ",4/16/2016,,,1
02-4023201,Roanna,Doohan,1/17/1990,mujer,Accounting," $95,294 ",9/15/2006,,,0
02-4034188,Alfred,Holbarrow,08/07/1977,mujer,Sales," $74,386 ",4/14/2017,,,0
02-4064527,Cherida,Meaking,01/09/2001,mujer,"Research and Development"," $124,578 ",4/20/2007,,,1
02-4168881,Ingeborg,Stainland,5/17/1996,mujer,Accounting," $169,661 ",11/01/2015,,,0
02-4210787,Jodi,Charlot,3/29/1979,mujer,Engineering," $138,716 ",02/11/2020,,,0
02-4244801,Rodney,Cape,04/05/1977,hombre,Training," $132,329 ",9/19/2003,,,0
02-4249650,Isa,Ingry,3/30/1988,hombre,Engineering," $170,925 ",9/24/2004,,,1
02-4263333,Bethanne,Teresse,06/06/1972,mujer,Engineering," $101,568 ",7/18/2017,,,1
02-4292658,Grenville,Raffon,07/12/1968,hombre,Engineering," $123,922 ",5/13/2010,,,0
02-4303313,Guillema,Magee,8/17/1999,hombre,Engineering," $173,121 ",4/28/2005,,,1
02-4370125,Danell,Evert,2/24/1997,mujer,Services," $105,782 ",08/12/2012,,,1
02-4393826,Abe,Inkle,9/22/1968,hombre,Engineering," $128,512 ",7/29/2019,,,0
02-4466418,Charisse,Doldon,1/25/1978,mujer,Accounting," $66,365 ",12/30/2006,,,0
02-4529253,Jed,Jantet,11/29/1968,hombre,Support," $179,437 ",10/31/2001,,,0
02-4662188,Yoshi,Alben,05/09/1995,mujer,Engineering," $124,172 ",09/01/2011,,,0
02-4700779,Faina,Stansell,12/01/1998,mujer,Accounting," $122,551 ",03/06/2014,"2027-09-22 23:10:49 UTC",,1
02-4807091,Vale,Castagnaro,12/24/1969,hombre,Training," $152,908 ",11/20/2011,"2026-07-10 00:58:54 UTC",,1
02-4870534,Laverna,Battleson,5/30/1979,hombre,Engineering," $135,692 ",11/04/2006,,,1
02-5001856,Tull,Kingsmill,9/17/1990,mujer,Engineering," $124,901 ",04/04/2001,,,0
02-5052249,Ilyssa,Koch,7/13/1995,hombre,"Research and Development"," $142,247 ",09/10/2019,"2029-07-23 09:51:36 UTC",,0
02-5058352,Tonnie,Romand,1/28/1985,hombre,Support," $184,866 ",11/26/2018,,,0
02-5092188,Victoria,Picot,6/19/1996,hombre,Engineering," $76,911 ",06/07/2002,,,0
02-5098456,Eugen,Pentycost,1/13/1979,hombre,"Product Management"," $72,501 ",7/16/2007,,,0
02-5131914,Bertram,Moyers,02/07/1974,mujer,Engineering," $82,479 ",6/19/2017,,,0
02-5173767,Josias,Wrankling,8/13/1984,mujer,Accounting," $91,122 ",11/18/2016,,,1
02-5197822,Dennet,Elliker,09/10/1968,mujer,Engineering," $107,272 ",07/04/2008,,,1
02-5225131,Jesselyn,Vick,1/31/1969,hombre,Engineering," $79,409 ",7/13/2008,,,0
02-5228412,Scarlet,Muggleton,06/07/2002,hombre,Engineering," $168,090 ",02/11/2020,,,0
02-5236312,Meredeth,Christian,8/30/1971,hombre,"Research and Development"," $88,728 ",8/23/2018,,,0
02-5283413,Chelsy,Cowerd,10/12/1987,mujer,Engineering," $96,160 ",2/19/2004,,,0
02-5365306,Colet,Shinton,2/19/1986,mujer,Accounting," $143,875 ",6/22/2009,"2010-04-13 14:07:04 UTC",,1
02-5404648,Dana,"O' Markey",7/20/1974,mujer,"Human Resources"," $145,135 ",4/16/2015,,,0
02-5475092,Martino,Naile,12/23/1994,hombre,Support," $109,110 ",1/16/2012,,,1
02-5476489,Joeann,Johanning,03/09/1978,mujer,Training," $111,760 ",10/12/2019,,,1
02-5523050,Ferguson,Isham,06/05/1974,hombre,Support," $173,542 ",2/13/2010,,,1
02-5610726,Bald,"De la Yglesia",11/15/1992,mujer,Services," $86,551 ",02/12/2011,,,1
02-5612157,Correna,Josowitz,12/22/1966,mujer,Training," $135,512 ",12/08/2009,,,0
02-5641376,Beauregard,Linklater,12/26/1994,hombre,"Human Resources"," $170,926 ",2/20/2016,,,0
02-5995293,Rafaelia,Biaggetti,3/28/1996,hombre,Engineering," $100,959 ",6/27/2016,,,1
02-6032154,Celestina,Barlace,7/16/1973,hombre,Accounting," $177,189 ",10/07/2004,,,0
02-6155914,Thacher,Seniour,6/20/1994,mujer,Sales," $182,577 ",02/01/2002,,,0
02-6166187,Nissa,Sealey,02/05/1970,hombre,Engineering," $113,150 ",3/27/2017,,,0
02-6180556,Aurea,Woolward,12/09/1974,hombre,Sales," $96,307 ",12/08/2000,,,0
02-6270951,Bob,Kleszinski,10/05/1992,mujer,Training," $124,961 ",10/11/2010,"2012-12-07 18:42:23 UTC",,0
02-6313385,Meta,Dennerley,10/22/1974,mujer,Sales," $122,421 ",09/12/2004,"2005-10-21 08:01:17 UTC",,0
02-6361965,Damon,Collinson,8/21/1989,hombre,Engineering," $172,863 ",03/10/2007,,,0
02-6386867,Ronna,Twiggs,5/30/1999,mujer,Training," $183,249 ",4/22/2012,,,0
02-6498239,Blinnie,Britto,5/19/1976,hombre,"Human Resources"," $98,295 ",12/25/2012,,,1
02-6555233,Raleigh,Leggan,02/02/1999,mujer,Engineering," $168,242 ",10/04/2012,,,1
02-6616430,Clemmy,Dutch,03/04/1985,hombre,Services," $152,910 ",3/14/2016,,,0
02-6637432,Andreana,Mugg,02/02/1993,mujer,Engineering," $107,689 ",10/08/2001,,,0
02-6692940,Leanora,Christaeas,12/22/1978,mujer,Engineering," $88,338 ",02/01/2015,,,0
02-6799460,Elizabet,Linwood,8/23/1971,mujer,"Business Development"," $66,680 ",11/08/2000,,,1
02-6804243,Ivor,Mowle,7/15/1972,mujer,"Research and Development"," $70,535 ",12/25/2006,,,1
02-6824219,Faydra,Slevin,01/11/1999,hombre,"Business Development"," $121,838 ",10/24/2016,,,0
02-6853604,Blinny,Domange,01/02/1979,mujer,Engineering," $84,116 ",12/10/2017,,,0
02-6930924,Gibb,Belbin,8/13/1985,mujer,"Research and Development"," $106,116 ",06/01/2018,,,0
02-7078487,Trumaine,Egdell,12/07/1980,hombre,Accounting," $101,389 ",8/18/2013,"2028-09-13 03:49:26 UTC",,1
02-7252298,Ted,Clears,7/30/2000,hombre,Accounting," $72,495 ",7/14/2010,"2015-03-24 10:31:22 UTC",,0
02-7324881,Sauncho,Bogges,5/13/1982,mujer,Accounting," $184,587 ",06/04/2017,,,0
02-7364203,Diena,Rump,6/16/1980,hombre,Accounting," $162,190 ",5/25/2002,,,0
02-7423004,Sharleen,Abba,02/04/1994,mujer,Engineering," $173,241 ",7/31/2020,,,0
02-7424672,Leoine,Chinnery,8/25/1968,hombre,Services," $77,170 ",3/17/2001,,,0
02-7482315,Audrye,Rowson,8/22/1998,hombre,Engineering," $142,123 ",5/31/2006,,,1
02-7493243,Lenci,Swalough,05/07/1992,mujer,Support," $108,262 ",01/06/2008,,,0
02-7497120,Herb,Proom,9/26/1982,mujer,Engineering," $182,042 ",03/12/2007,,,1
02-7660405,Welsh,Manjin,7/31/1974,mujer,"Business Development"," $136,874 ",11/21/2009,"2026-01-11 01:35:55 UTC",,1
02-7724901,Drusy,Mooney,10/14/1991,hombre,Training," $77,986 ",6/24/2004,,,1
02-7821145,Guendolen,Neles,09/06/1980,hombre,Training," $87,650 ",10/17/2000,,,0
02-7824555,Bonita,Dowe,10/15/1999,hombre,"Business Development"," $140,689 ",11/25/2017,,,0
02-7865520,Waverly,Chastagnier,01/09/1979,mujer,Accounting," $114,383 ",5/26/2006,,,0
02-7918864,Saidee,Gracey,6/24/1991,mujer,Accounting," $146,198 ",10/31/2008,,,1
02-7951059,Hillel,Yakovl,03/01/1976,hombre,Marketing," $112,925 ",8/27/2003,,,0
02-8010051,Arluene,"D' Angelo",9/24/1979,hombre,Engineering," $164,838 ",10/25/2001,,,1
02-8015603,Gaye,Candelin,1/14/2002,hombre,"Human Resources"," $109,161 ",6/15/2006,,,0
02-8023786,Pooh,Redding,6/22/1969,mujer,Accounting," $66,778 ",4/19/2005,"2006-09-20 08:39:41 UTC",,0
02-8063992,Martha,Bowhey,9/13/2001,mujer,"Business Development"," $71,253 ",09/11/2016,,,0
02-8121475,Corty,Mirando,9/24/1968,hombre,Engineering," $107,123 ",12/25/2000,,,0
02-8178381,Madelaine,Waterstone,05/10/1990,hombre,Marketing," $155,236 ",7/30/2008,"2016-05-01 22:21:03 UTC",,1
02-8192484,Wye,Mallebone,4/22/1998,hombre,"Product Management"," $94,282 ",5/20/2015,,,1
02-8258500,Jesus,Meddick,8/24/1986,hombre,Engineering," $125,990 ",6/28/2016,,,0
02-8285118,Ninon,Jacklings,2/26/1973,mujer,Training," $156,418 ",2/20/2010,,,0
02-8291119,Bond,Soule,5/25/1988,mujer,Engineering," $93,995 ",7/26/2001,,,1
02-8323035,Caria,Culbard,11/24/1995,hombre,"Business Development"," $89,457 ",02/05/2012,,,0
02-8326189,Abrahan,MacAne,9/14/1971,mujer,Services," $152,574 ",11/09/2001,,,1
02-8349881,Glenda,Serfati,5/13/2002,mujer,Training," $123,399 ",9/16/2001,"2005-04-04 13:31:23 UTC",,0
02-8480785,Lindi,Brogan,11/10/1970,hombre,Accounting," $169,054 ",06/12/2009,,,0
02-8537525,Conrado,Baradel,6/19/1967,mujer,Sales," $76,935 ",01/04/2003,"2009-11-22 00:46:40 UTC",,1
02-8606176,Sabra,Sange,1/31/1977,mujer,Engineering," $106,459 ",4/17/2004,"2008-10-14 15:29:32 UTC",,1
02-8608961,Harris,Alekhov,5/15/1973,hombre,Accounting," $148,372 ",8/24/2019,,,1
02-8655722,Frank,Harland,03/12/2000,hombre,Services," $162,292 ",09/11/2004,"2020-05-23 15:37:40 UTC",,1
02-8753102,Darleen,Blackaller,6/15/1976,mujer,Services," $174,650 ",10/26/2006,,,0
02-8755229,Keene,Iacomelli,10/06/1982,hombre,"Business Development"," $86,562 ",12/11/2012,,,1
02-8771890,Kariotta,Lowth,05/09/1991,hombre,"Business Development"," $131,128 ",10/06/2013,,,0
02-8791262,Lockwood,Bousler,08/11/1978,hombre,"Product Management"," $75,738 ",1/14/2011,,,0
02-8814353,Tod,Frankema,11/08/1967,mujer,"Business Development"," $164,429 ",05/05/2005,,,1
02-8826003,Tobit,Peatman,12/22/1999,hombre,Engineering," $158,582 ",03/10/2008,"2012-01-18 15:12:36 UTC",,1
02-8830577,Blanch,Petty,4/26/1993,mujer,Engineering," $149,683 ",06/01/2011,,,0
02-8871139,Will,Lang,08/01/1979,mujer,Engineering," $160,132 ",08/02/2020,,,1
02-8909025,Alonso,Jaffrey,12/26/1984,mujer,Support," $139,823 ",6/27/2008,,,0
02-8962412,Agata,Bartholat,07/01/1973,mujer,Sales," $124,238 ",03/02/2010,"2027-01-04 10:18:19 UTC",,1
02-9025346,Dolly,Thomsen,11/13/1979,mujer,"Product Management"," $151,497 ",09/02/2014,,,0
02-9027630,Zoe,Upcraft,06/10/1975,hombre,Sales," $141,245 ",02/08/2007,,,1
02-9058302,Hyacinth,Disley,05/03/1977,mujer,Engineering," $139,286 ",03/09/2005,,,0
02-9164267,Eyde,Threadgill,8/28/1990,mujer,"Human Resources"," $162,016 ",8/21/2007,,,1
02-9168361,Charlotte,Banbrick,4/13/1987,hombre,"Research and Development"," $115,061 ",06/11/2007,,,0
02-9198167,Quill,Olivia,1/22/1986,mujer,Training," $182,493 ",11/24/2000,"2006-08-24 00:12:27 UTC",,0
02-9208834,Luciana,Kopf,05/08/1977,mujer,"Research and Development"," $150,162 ",10/21/2014,,,0
02-9271017,Lauretta,Barkhouse,01/06/1973,hombre,Engineering," $131,937 ",6/27/2002,,,0
02-9343607,Kristy,Addionizio,03/08/1982,hombre,"Human Resources"," $117,701 ",9/19/2017,,,1
02-9360852,Ethelind,Hightown,6/24/1992,mujer,Accounting," $148,288 ",12/20/2004,,,1
02-9375650,Valentia,Nuccii,8/17/1989,mujer,Marketing," $99,320 ",10/22/2019,,,1
02-9380911,Zacherie,Rubbert,11/04/1999,hombre,Marketing," $125,083 ",05/06/2009,,,0
02-9395540,Shirleen,Vergo,3/18/1976,hombre,Services," $160,254 ",04/07/2005,,,0
02-9416533,Bethany,Benediktsson,7/31/1995,hombre,Accounting," $161,986 ",10/07/2009,,,1
02-9470073,Bryce,Frary,10/31/1998,mujer,Engineering," $151,814 ",04/12/2016,,,0
02-9481041,Vanessa,Hall-Gough,10/14/1971,mujer,"Business Development"," $137,294 ",11/25/2001,,,0
02-9503780,Kelley,Castaner,11/26/1977,mujer,Engineering," $154,394 ",9/18/2014,,,1
02-9613665,Sindee,Kike,6/26/2002,hombre,Marketing," $97,912 ",01/10/2001,,,1
02-9774686,Bryce,Smitherham,3/16/1982,hombre,Accounting," $128,125 ",11/19/2000,,,0
02-9778484,Francis,Alleway,4/20/1974,mujer,Accounting," $110,264 ",10/21/2000,,,0
02-9825039,Lyssa,Rainton,4/13/1998,mujer,Marketing," $124,034 ",10/11/2004,,,1
02-9825891,Tarrah,Oleksinski,9/23/1979,mujer,Engineering," $150,043 ",12/06/2005,,,1
02-9848635,Jo-ann,Blitzer,3/17/1971,mujer,"Research and Development"," $136,999 ",5/13/2005,"2012-04-25 13:27:12 UTC",,0
02-9938965,Ana,Feldstern,03/02/1985,hombre,Training," $120,502 ",12/05/2013,,,1
02-9972932,Evanne,Lander,08/05/1967,mujer,Accounting," $145,389 ",02/06/2009,,,1
03-0027869,Shepard,Codrington,05/06/1980,hombre,Accounting," $168,900 ",2/15/2008,,,0
03-0136911,Nicholas,Note,12/18/1993,hombre,Engineering," $168,719 ",11/27/2015,,,0
03-0165089,Peggie,Beed,11/28/1994,mujer,Training," $175,755 ",03/03/2002,,,1
03-0179558,Alanson,Lavery,9/29/1991,hombre,Sales," $74,699 ",01/08/2003,,,1
03-0190933,Derek,Southcoat,1/28/1975,hombre,Marketing," $120,723 ",06/12/2008,,,0
03-0229988,Joshia,Pechacek,01/08/1990,mujer,"Human Resources"," $87,841 ",1/18/2004,,,0
03-0245358,Karlan,Bissatt,7/26/1977,hombre,Engineering," $178,247 ",02/08/2008,,,0
03-0247470,Mickie,Kirsche,12/26/1974,mujer,Services," $129,021 ",11/08/2005,"2025-07-29 12:04:19 UTC",,0
03-0288444,Kora,Apperley,02/11/1998,mujer,"Research and Development"," $123,632 ",5/15/2006,,,0
03-0344195,Arlyn,Favel,10/27/1991,mujer,"Business Development"," $70,967 ",01/07/2006,,,1
03-0352788,Matteo,Buckleigh,7/27/1981,mujer,Engineering," $80,264 ",08/08/2008,,,0
03-0397691,Tabbatha,Carruth,5/26/1982,hombre,Accounting," $85,544 ",3/17/2012,,,1
03-0418386,Pippa,Morsey,9/29/2001,mujer,Auditing," $141,929 ",02/12/2008,,,1
03-0420336,Nettle,Blogg,10/23/1992,mujer,Engineering," $162,894 ",2/13/2013,,,1
03-0488568,Jobey,Dickinson,9/19/1980,mujer,Engineering," $83,627 ",06/02/2002,,,1
03-0571721,Ethelyn,Belverstone,06/12/1982,hombre,Engineering," $183,904 ",06/09/2007,,,0
03-0603418,Ware,Gillicuddy,5/23/1968,hombre,Services," $156,243 ",3/28/2010,"2019-08-14 05:31:01 UTC",,0
03-0707961,Lorenzo,Bresner,09/07/1999,hombre,Engineering," $98,622 ",3/25/2017,,,1
03-0741335,Arthur,Gilbanks,7/22/2001,hombre,Engineering," $65,387 ",02/05/2015,,,0
03-0742870,Cicely,Sindle,7/30/1982,mujer,Training," $69,618 ",05/12/2010,,,0
03-0743140,Arte,McAster,03/05/2002,mujer,Engineering," $96,536 ",02/03/2019,,,1
03-0756081,Terencio,Bann,5/15/1976,hombre,Engineering," $78,630 ",4/14/2011,"2013-03-19 02:54:55 UTC",,0
03-0838915,Delmar,Dakhov,03/03/1973,mujer,Engineering," $82,467 ",04/12/2020,,,1
03-0900961,Tremain,Lyngsted,10/10/1981,mujer,Engineering," $113,750 ",8/27/2012,,,0
03-0917668,Bria,Parlour,12/13/2001,hombre,Services," $67,756 ",12/07/2001,,,1
03-0944815,Danyette,Wrate,2/14/1976,mujer,"Business Development"," $89,837 ",08/04/2014,,,0
03-0966446,Pennie,Clyne,4/29/1974,mujer,"Product Management"," $91,560 ",8/21/2006,,,0
03-1007884,Price,O'Moylane,10/05/1983,mujer,Support," $144,892 ",01/12/2004,,,1
03-1103571,Nertie,Felten,2/27/1968,mujer,Accounting," $77,335 ",1/24/2004,,,1
03-1158217,Rutger,Iveagh,11/03/1984,hombre,"Research and Development"," $155,676 ",3/15/2005,"2005-07-17 12:13:36 UTC",,0
03-1163406,Kenn,Pond-Jones,12/10/1998,hombre,Legal," $123,911 ",2/13/2002,,,1
03-1185671,Farr,"Le Fevre",1/31/1973,mujer,Sales," $128,108 ",10/27/2003,,,1
03-1225101,Pennie,Dillow,7/31/1999,mujer,"Human Resources"," $81,573 ",01/05/2006,,,0
03-1228968,Rhiamon,Tchir,1/27/1989,mujer,"Product Management"," $171,877 ",05/08/2017,,,0
03-1265056,Baird,Hambers,11/08/2001,hombre,Training," $114,771 ",8/15/2018,,,0
03-1270313,Mayne,Banbrick,08/04/1967,mujer,Sales," $144,196 ",10/19/2005,"2022-12-01 14:29:44 UTC",,1
03-1305041,Emmott,Beverstock,11/13/1996,mujer,"Human Resources"," $126,691 ",8/23/2005,,,0
03-1392351,Randene,Noden,04/12/1992,mujer,"Business Development"," $93,358 ",08/04/2018,,,1
03-1401254,Andie,Jenkyn,8/28/1992,hombre,Engineering," $108,598 ",9/25/2020,,,1
03-1442317,Carlota,Tilson,7/29/1985,mujer,Services," $85,217 ",09/06/2003,,,1
03-1452172,Ainslie,Tidbury,08/01/1999,mujer,Engineering," $141,280 ",6/25/2003,"2019-12-22 19:24:36 UTC",,0
03-1564651,Hubie,Forman,7/31/1974,hombre,"Product Management"," $84,514 ",07/02/2001,,,1
03-1648670,Finn,Guirau,06/10/1981,hombre,Marketing," $171,710 ",09/09/2019,,,1
03-1719199,Camille,Masterman,3/21/1981,hombre,Engineering," $126,451 ",1/26/2007,,,0
03-1759111,Charity,Isaksson,5/16/1994,hombre,Accounting," $101,195 ",01/11/2009,,,1
03-1783423,Filippo,Loade,7/17/1998,mujer,Sales," $154,685 ",1/20/2009,,,1
03-1812727,Claudina,Brotheridge,12/06/1979,mujer,Accounting," $173,529 ",01/06/2007,,,0
03-1859502,Alanson,Housecroft,10/28/1968,hombre,"Product Management"," $166,561 ",10/19/2002,,,0
03-1863653,Jeremy,Purchase,8/20/2000,hombre,Engineering," $160,620 ",01/03/2011,,,1
03-1878121,Fairleigh,Oggers,06/04/1978,mujer,Training," $107,771 ",07/06/2013,,,0
03-1881282,Cecil,Hannay,3/21/1983,hombre,Sales," $101,013 ",10/21/2002,,,0
03-1910898,Richmound,Baumber,6/22/2000,hombre,Engineering," $79,204 ",8/27/2006,"2016-04-30 15:03:06 UTC",,0
03-2045542,Sunny,Callum,6/26/1977,hombre,Engineering," $154,122 ",03/11/2020,,,0
03-2136921,Sharia,Riddock,7/17/1986,hombre,"Human Resources"," $88,884 ",10/18/2006,"2018-01-16 03:22:49 UTC",,1
03-2188572,Kristel,Farington,3/30/1974,hombre,"Human Resources"," $151,386 ",10/18/2016,,,0
03-2238169,Bevin,Coaten,09/10/1979,mujer,Engineering," $71,636 ",10/08/2013,,,0
03-2359010,Iver,Dutnall,10/03/1978,hombre,"Research and Development"," $95,131 ",1/21/2001,,,0
03-2388234,Christoph,Smieton,07/12/1987,mujer,Training," $162,200 ",9/15/2006,"2010-04-12 15:53:12 UTC",,0
03-2410052,Gaile,Foyle,5/20/1996,hombre,Sales," $167,238 ",07/04/2018,,,0
03-2412363,Tully,Darey,8/22/1999,hombre,Marketing," $145,410 ",07/07/2020,,,1
03-2512094,Dougy,Jankovsky,06/03/1979,hombre,Accounting," $168,884 ",4/15/2009,,,1
03-2618961,Winthrop,Vatini,08/09/1995,hombre,Accounting," $165,889 ",02/09/2017,"2032-09-25 01:19:03 UTC",,0
03-2665184,Benedicto,Morland,6/27/1981,mujer,Training," $138,401 ",7/14/2008,,,1
03-2687919,Alf,Pascow,1/17/1986,hombre,Sales," $87,316 ",09/11/2015,,,1
03-2726936,Magnum,Smalley,1/15/1967,hombre,Services," $124,192 ",05/03/2019,,,0
03-2751365,Malory,Vears,7/24/1991,mujer,"Human Resources"," $120,059 ",11/25/2010,,,1
03-2764930,Juliane,Dunthorn,4/23/1991,hombre,Engineering," $101,430 ",6/14/2012,,,1
03-2830109,Lorine,Dellar,4/14/1972,mujer,Accounting," $97,111 ",5/20/2007,,,0
03-2859776,Bridget,Bunston,6/20/1977,hombre,Engineering," $168,155 ",06/09/2006,"2026-12-28 14:46:20 UTC",,0
03-2874966,Vivia,Blackly,02/07/1984,mujer,Legal," $145,702 ",1/26/2001,,,0
03-2960058,Lexi,Loftin,5/19/1999,hombre,Engineering," $170,137 ",09/01/2016,,,0
03-2993254,Charo,Elven,02/11/1991,hombre,Engineering," $170,906 ",11/07/2006,,,1
03-3065184,Emmott,Cargenven,03/01/1997,mujer,Accounting," $101,451 ",07/03/2009,"2016-11-02 05:52:40 UTC",,1
03-3297312,Almeria,Adney,8/20/1983,mujer,Engineering," $111,737 ",06/02/2020,,,1
03-3323204,Berti,Pashby,6/18/1980,hombre,Accounting," $164,420 ",8/22/2010,,,1
03-3428358,Rafa,Ryce,1/19/1970,mujer,"Product Management"," $96,444 ",8/28/2017,,,1
03-3450991,Raynor,Fraschini,7/22/1989,mujer,Training," $92,067 ",10/01/2020,,,1
03-3451727,Lisle,Pluvier,9/13/1983,mujer,Training," $131,447 ",11/02/2017,,,1
03-3475507,Jeanna,Willbraham,2/19/1998,hombre,Training," $136,509 ",12/28/2006,,,1
03-3614782,Filbert,Gleave,1/22/1976,hombre,Engineering," $120,952 ",11/17/2000,,,0
03-3657847,Ariel,McIlmorie,8/26/1997,hombre,Engineering," $138,135 ",2/16/2018,,,0
03-3757534,Diann,Northbridge,5/20/1970,mujer,Accounting," $128,097 ",10/01/2003,,,1
03-3769740,Gardie,Paff,5/26/1984,hombre,"Human Resources"," $108,722 ",08/10/2017,,,0
03-3822888,Dillon,Playfair,11/05/1973,mujer,Engineering," $104,270 ",12/09/2006,,,1
03-3894677,Glenn,Oxtiby,04/03/1973,mujer,Marketing," $79,429 ",06/06/2018,,,1
03-3928645,Nikolaus,Bromell,05/04/1968,hombre,Legal," $167,681 ",10/31/2004,,,1
03-3940060,Latia,Furzer,09/05/1990,hombre,"Human Resources"," $182,872 ",9/25/2017,,,1
03-3949337,Gretel,Fawssett,05/06/1970,hombre,Engineering," $93,319 ",10/27/2009,,,1
03-3972201,Alfonso,Salliss,6/30/1989,hombre,Accounting," $96,138 ",12/17/2006,,,1
03-4033672,Moe,Keigher,10/25/1996,mujer,"Research and Development"," $140,420 ",12/12/2016,"2037-07-10 20:21:58 UTC",,0
03-4112886,Hatti,Collcutt,12/19/1969,hombre,Accounting," $110,119 ",8/26/2011,,,1
03-4116883,Mathilde,Armistead,3/15/1973,mujer,Services," $128,655 ",11/18/2011,"2017-07-09 05:30:39 UTC",,1
03-4134671,Niki,Archell,01/07/1967,hombre,Accounting," $130,260 ",08/03/2016,"2032-10-18 00:50:01 UTC",,1
03-4161079,Nettle,Lergan,3/31/1969,hombre,Engineering," $95,347 ",5/16/2002,,,1
03-4180948,Delila,Rockcliffe,11/07/2000,hombre,"Human Resources"," $115,360 ",08/05/2018,"2028-01-24 20:22:14 UTC",,1
03-4231080,Ferguson,Priestman,05/09/1970,mujer,"Research and Development"," $169,247 ",12/01/2014,"2017-03-22 17:51:40 UTC",,1
03-4245735,Katerine,Hagergham,2/13/1972,mujer,Support," $162,497 ",07/06/2012,"2014-01-02 00:04:47 UTC",,1
03-4405503,Delphine,Culbert,01/01/1994,hombre,Training," $72,271 ",12/08/2002,,,1
03-4499865,Lynne,Crallan,02/11/2000,mujer,Engineering," $91,258 ",8/18/2020,,,1
03-4552124,Melissa,Bonnor,8/23/1995,hombre,Accounting," $106,536 ",4/17/2001,,,1
03-4564618,Saloma,Loosley,11/08/1986,hombre,Engineering," $88,289 ",12/23/2009,,,0
03-4610821,Maury,Lindemann,6/17/1983,mujer,Accounting," $90,952 ",01/04/2019,,,1
03-4617943,Herculie,Hatliff,11/22/1987,mujer,Accounting," $96,152 ",6/27/2017,"2029-10-30 10:45:27 UTC",,1
03-4724611,Lizabeth,McLice,11/10/1988,mujer,"Business Development"," $166,569 ",11/10/2005,"2019-04-28 23:14:00 UTC",,1
03-4742398,Nisse,Wight,3/22/1981,hombre,Engineering," $158,686 ",01/07/2012,,,1
03-4757897,Rowe,Fish,03/06/1991,hombre,Engineering," $173,719 ",03/06/2012,,,1
03-4949258,Eliot,Chatten,9/30/1988,hombre,Engineering," $128,004 ",07/07/2018,,,1
03-4997422,Lombard,Meace,05/06/1993,mujer,Engineering," $146,187 ",4/22/2019,,,1
03-5023451,Laurianne,Paulin,11/04/1993,hombre,Engineering," $177,384 ",6/16/2013,,,1
03-5093987,Samara,Rew,02/09/1989,hombre,Engineering," $75,509 ",8/21/2012,,,1
03-5119774,Bendix,Nunson,08/06/1967,hombre,Engineering," $141,705 ",6/20/2004,,,0
03-5120478,Mano,Greatham,1/27/2002,mujer,Training," $72,823 ",8/14/2013,,,1
03-5122131,Gladi,Abbot,12/03/1974,hombre,Accounting," $149,717 ",09/07/2017,,,1
03-5137663,Vonnie,Swaddle,9/20/1987,mujer,Accounting," $132,093 ",10/31/2015,,,0
03-5152055,Mindy,Charlon,06/07/1987,hombre,Engineering," $118,184 ",02/05/2007,,,1
03-5200029,Angel,Nickols,5/16/1972,mujer,Accounting," $156,601 ",02/07/2006,,,1
03-5334760,Prudi,Windaybank,07/01/1990,hombre,Support," $143,173 ",2/25/2015,,,0
03-5350523,Mackenzie,Drains,5/21/1983,hombre,"Business Development"," $87,097 ",5/19/2001,,,1
03-5401704,Catherin,Wiszniewski,7/18/1976,hombre,Training," $133,309 ",6/17/2008,,,1
03-5412898,Cash,Daish,10/26/1970,mujer,Services," $128,798 ",08/02/2009,,,0
03-5421399,Ertha,Gebuhr,11/05/1996,hombre,"Research and Development"," $86,513 ",11/20/2016,,,0
03-5469853,Ramon,Rawll,12/18/1968,hombre,Engineering," $129,469 ",4/22/2005,"2015-05-13 16:22:03 UTC",,1
03-5504104,Baillie,Kadwallider,1/14/1971,hombre,"Research and Development"," $85,732 ",08/09/2011,"2018-09-30 17:27:28 UTC",,1
03-5531277,Shana,Forsdyke,12/07/1991,mujer,"Research and Development"," $126,225 ",03/06/2003,,,0
03-5537706,Kessiah,Launder,3/22/1993,hombre,Sales," $69,582 ",08/12/2003,,,0
03-5542064,Lambert,Finker,3/28/1973,hombre,Engineering," $165,586 ",04/05/2009,,,1
03-5546438,Virgilio,Goldie,10/10/1976,hombre,Accounting," $119,465 ",01/01/2018,,,0
03-5567366,Mathew,Curl,8/31/1994,mujer,"Research and Development"," $175,716 ",02/05/2011,"2026-12-26 02:32:14 UTC",,0
03-5674137,Godfry,Georgiades,2/18/1992,hombre,Sales," $164,992 ",10/05/2007,,,1
03-5692409,Tanny,MacRonald,01/08/1984,mujer,Support," $65,771 ",11/28/2015,"2024-03-08 14:04:17 UTC",,1
03-5840562,Fax,Gepheart,7/17/1992,mujer,Training," $177,949 ",12/31/2011,"2013-11-06 22:48:09 UTC",,1
03-6018995,Nap,Odger,05/02/1966,mujer,Training," $158,095 ",7/20/2015,,,1
03-6039434,Candie,Degoy,8/18/1992,hombre,Training," $163,653 ",3/22/2016,,,1
03-6073368,Burg,Lowne,11/18/1997,hombre,Accounting," $112,217 ",10/21/2019,,,1
03-6119745,Maiga,Turnpenny,02/02/1978,mujer,Engineering," $143,452 ",2/16/2005,,,0
03-6141895,Natty,Larne,02/05/1993,mujer,Engineering," $165,340 ",07/11/2007,"2011-05-20 06:04:48 UTC",,1
03-6200050,Rancell,Wickmann,6/14/1977,mujer,"Human Resources"," $80,792 ",11/24/2011,,,0
03-6208983,Mattie,Meneghelli,2/16/1989,mujer,"Business Development"," $116,948 ",03/02/2012,"2030-08-09 09:08:43 UTC",,1
03-6230242,Barbra,Brotherton,7/20/2000,mujer,Accounting," $88,089 ",4/27/2005,"2022-06-04 08:49:50 UTC",,0
03-6241789,Janelle,Cheeke,9/23/1998,mujer,"Human Resources"," $124,269 ",05/03/2016,,,0
03-6259593,Sophey,Abelson,6/21/1978,hombre,"Research and Development"," $158,580 ",11/11/2000,"2009-11-02 06:56:42 UTC",,1
03-6274554,Chrystel,Longthorne,10/24/1978,hombre,"Business Development"," $153,485 ",09/08/2012,,,1
03-6291929,Haleigh,"Le febre",05/07/1983,hombre,Accounting," $165,722 ",04/02/2020,,,1
03-6346242,Somerset,"De Freitas",07/01/1969,hombre,Sales," $106,045 ",06/07/2008,,,1
03-6373520,Karin,Bowra,04/09/2000,hombre,"Business Development"," $162,266 ",2/17/2004,,,1
03-6388507,Wilmette,Sweating,6/19/1972,hombre,"Business Development"," $148,300 ",06/09/2019,"2035-01-12 18:43:47 UTC",,1
03-6456050,Temple,Camblin,08/04/1996,hombre,Sales," $73,223 ",9/23/2013,,,1
03-6466657,Dmitri,Lyst,03/05/1989,mujer,Services," $81,687 ",04/05/2006,,,0
03-6480837,Dion,Ballham,06/05/1989,mujer,Accounting," $166,059 ",05/07/2001,,,0
03-6484841,Darbie,Strangeway,7/16/2002,hombre,Sales," $116,804 ",5/18/2004,,,0
03-6565096,Stefa,McGlew,12/28/1969,hombre,Engineering," $115,163 ",03/07/2005,"2006-01-31 23:41:52 UTC",,1
03-6584728,Emery,Fields,12/03/1996,mujer,Accounting," $89,977 ",7/13/2005,,,0
03-6774187,Collen,Koschke,12/23/1986,hombre,Engineering," $141,840 ",12/23/2013,,,1
03-6782343,Zea,Bryceson,8/23/1990,hombre,Support," $112,208 ",11/30/2016,,,1
03-6799271,Mira,Grabiec,8/29/1974,hombre,Training," $96,808 ",05/03/2016,"2021-10-26 23:39:37 UTC",,0
03-6813978,Michelle,Coiley,10/13/1998,hombre,"Business Development"," $87,738 ",6/21/2001,,,0
03-6922523,Clo,Urwin,3/26/1984,hombre,"Business Development"," $141,438 ",4/22/2008,,,0
03-6965741,Malanie,Standell,01/04/1988,hombre,"Business Development"," $117,715 ",4/23/2006,,,0
03-6968657,Alameda,Corben,08/06/1995,hombre,Sales," $161,133 ",06/03/2013,,,0
03-7025123,Glory,Durrand,10/16/1968,hombre,Engineering," $159,762 ",8/19/2016,,,0
03-7070071,Loutitia,Lambdean,1/26/2002,mujer,"Research and Development"," $140,193 ",01/12/2006,,,0
03-7105916,Lissi,Cone,4/29/1989,mujer,Accounting," $90,662 ",3/30/2001,"2015-03-09 05:45:03 UTC",,1
03-7150044,Glennie,Maplesden,11/21/1965,hombre,Engineering," $137,761 ",11/29/2007,,,1
03-7170297,Samantha,Geldart,01/04/1995,hombre,Engineering," $111,947 ",04/10/2010,,,0
03-7184324,Filberto,Frichley,06/11/1966,mujer,Sales," $160,973 ",04/11/2020,,,0
03-7195800,Jeniece,Kincade,5/14/1976,hombre,Engineering," $130,454 ",09/07/2012,,,1
03-7223288,Ingaberg,Sugge,10/03/2001,mujer,Accounting," $161,515 ",07/12/2004,,,0
03-7237297,Melisandra,Lefwich,2/24/1990,hombre,Engineering," $115,005 ",2/29/2004,,,0
03-7264941,Brenda,Froud,3/26/1994,hombre,Engineering," $164,671 ",05/07/2019,,,1
03-7281272,Case,Rossbrook,8/18/2000,hombre,Engineering," $68,564 ",9/20/2006,,,1
03-7289895,Noel,Coode,8/29/1976,hombre,Engineering," $77,584 ",4/20/2008,,,1
03-7318583,Duke,Sleith,8/27/1999,hombre,Training," $158,056 ",06/01/2018,,,0
03-7422481,Harald,Dyott,10/06/1969,mujer,Engineering," $172,420 ",07/08/2002,,,1
03-7429251,Philippe,Marflitt,12/09/1986,hombre,"Human Resources"," $91,613 ",09/05/2014,,,0
03-7440922,Odetta,Genner,8/13/1971,hombre,Accounting," $154,923 ",11/05/2018,,,1
03-7503922,Tripp,Shillito,06/03/1969,hombre,Training," $161,223 ",1/30/2013,,,1
03-7508500,Dwight,"Di Pietro",6/22/1997,hombre,Engineering," $184,080 ",6/24/2015,,,1
03-7539654,Barb,Grewes,1/18/1979,hombre,Training," $120,052 ",2/19/2011,,,1
03-7557134,Stefa,Churcher,8/16/1972,hombre,Training," $138,585 ",02/08/2013,"2032-01-12 08:11:44 UTC",,0
03-7568232,Lorilee,Barrat,3/24/1984,mujer,Support," $96,235 ",3/18/2004,,,0
03-7606184,Chris,Tuson,12/27/1987,hombre,Engineering," $155,876 ",9/24/2011,,,1
03-7622489,Bale,Oldroyde,3/23/1996,hombre,Engineering," $158,781 ",12/26/2014,"2022-05-02 21:55:05 UTC",,0
03-7625243,Pavlov,Treanor,05/03/1983,mujer,Support," $173,557 ",5/14/2013,,,0
03-7646349,Bertrand,Smithers,11/22/1982,hombre,Engineering," $118,015 ",6/14/2007,,,1
03-7911811,Howard,Rushbrooke,5/24/2001,hombre,Training," $74,048 ",4/29/2020,,,0
03-7913314,Emalee,Regenhardt,4/26/1990,mujer,Sales," $69,014 ",02/07/2012,,,0
03-7949684,Elly,Cafe,5/19/2000,hombre,Accounting," $161,431 ",3/23/2003,,,0
03-8031381,Sandie,Bote,8/22/1986,mujer,"Research and Development"," $86,945 ",7/16/2013,,,1
03-8051970,Madelle,Ryles,6/18/1966,mujer,Accounting," $88,607 ",10/16/2007,,,1
03-8174022,Corrie,Fasset,10/27/1976,mujer,Engineering," $156,204 ",7/16/2020,,,1
03-8226312,Hannie,Bulpitt,4/17/1969,hombre,Engineering," $84,623 ",1/26/2012,,,0
03-8254878,Cly,Charrier,10/28/1984,mujer,"Human Resources"," $158,437 ",7/14/2011,,,0
03-8257408,Mendy,Doiley,1/18/1994,hombre,Sales," $174,172 ",02/09/2014,,,0
03-8302577,Karlotta,Inskipp,11/02/1968,mujer,"Human Resources"," $171,012 ",07/04/2004,,,1
03-8309835,Nixie,Wheal,6/30/1990,hombre,Training," $71,394 ",3/25/2008,,,0
03-8346904,Carissa,Goosey,10/02/1990,hombre,Engineering," $152,749 ",7/27/2015,,,0
03-8363408,Allison,Trase,8/18/1982,hombre,Training," $67,854 ",04/12/2011,,,0
03-8379640,Elmo,Aylmer,10/18/2001,hombre,Engineering," $73,088 ",04/05/2007,,,1
03-8390139,Pepillo,Judson,08/10/2001,mujer,Legal," $140,738 ",4/15/2017,,,0
03-8472914,Reagan,Mellhuish,03/11/1987,hombre,Sales," $174,299 ",2/16/2018,"2037-10-12 04:54:35 UTC",,1
03-8474248,Jocko,Kidder,4/14/1989,hombre,Sales," $112,379 ",6/18/2002,"2005-09-17 21:15:29 UTC",,0
03-8494601,Rebekah,Jakolevitch,12/29/1975,mujer,Engineering," $150,847 ",11/12/2007,,,0
03-8563298,Marylynne,Gowanlock,06/07/1983,mujer,Legal," $83,020 ",10/04/2013,,,1
03-8574195,Breanne,Keming,11/28/1973,hombre,Services," $90,950 ",3/16/2005,"2017-07-28 17:42:26 UTC",,0
03-8600680,Evonne,Fenna,10/15/1983,hombre,Accounting," $133,371 ",09/01/2016,"2030-05-12 22:57:33 UTC",,1
03-8610325,Willow,Lytton,6/23/1970,hombre,"Research and Development"," $144,048 ",5/29/2016,,,1
03-8658300,Fayth,Danaher,12/07/1979,mujer,Training," $148,268 ",8/31/2013,,,1
03-8670660,Sampson,Wandrack,8/21/1970,hombre,Support," $87,678 ",9/20/2017,,,0
03-8822623,Olav,Viccars,10/25/1991,hombre,Accounting," $68,914 ",02/07/2011,,,1
03-8848707,Juliet,Garford,8/26/1968,mujer,Sales," $137,435 ",8/19/2006,,,0
03-8942448,Beck,Drewery,12/16/1971,hombre,Support," $145,349 ",4/18/2009,,,0
03-9079709,Berkeley,Pagen,10/11/1986,hombre,Engineering," $143,599 ",10/07/2020,,,1
03-9086109,Caitrin,Robinett,3/13/1969,hombre,"Business Development"," $83,658 ",5/18/2009,"2028-04-25 17:19:15 UTC",,0
03-9094799,Kelsy,Thecham,11/06/1975,mujer,Engineering," $76,917 ",10/07/2020,,,0
03-9110050,Wain,Cawley,6/29/1982,hombre,Sales," $119,091 ",12/25/2014,,,0
03-9139361,Donal,Redit,7/30/1973,mujer,Accounting," $100,708 ",03/05/2012,"2032-02-09 08:23:46 UTC",,0
03-9177173,Bliss,Sebire,06/08/1995,hombre,Sales," $115,528 ",10/24/2007,,,1
03-9273650,Camile,Canete,11/15/1966,mujer,Services," $120,348 ",9/16/2009,,,0
03-9323730,Jethro,Wiggall,7/16/1998,mujer,Engineering," $136,727 ",08/02/2007,,,0
03-9427024,Hervey,Nellis,11/02/1988,mujer,Accounting," $97,327 ",03/12/2009,"2013-02-27 16:15:47 UTC",,1
03-9475436,Caralie,Thunderchief,03/11/1970,hombre,Engineering," $184,989 ",05/04/2008,,,0
03-9491277,Alejoa,Knightsbridge,12/29/1995,mujer,Services," $161,847 ",11/25/2001,,,0
03-9496356,Richmond,Vicioso,12/24/1976,hombre,Marketing," $110,806 ",12/31/2014,,,1
03-9523390,Conway,Walford,07/04/1979,hombre,"Human Resources"," $87,220 ",02/12/2008,,,0
03-9593488,Jillane,Webbe,5/25/1996,mujer,Sales," $119,018 ",11/22/2004,,,1
03-9648615,Teddie,Davinet,10/20/1973,hombre,Engineering," $165,065 ",2/14/2002,,,0
03-9688688,Weylin,Gerin,05/03/1994,hombre,Engineering," $178,779 ",06/05/2003,"2005-01-16 08:49:31 UTC",,0
03-9718431,Pearl,Meachan,10/08/1992,mujer,"Business Development"," $123,433 ",3/31/2018,,,0
03-9770134,Sandy,Beebe,02/02/1970,mujer,Services," $168,925 ",9/19/2014,,,1
03-9772508,Nadia,Legerton,01/05/1980,hombre,"Business Development"," $173,990 ",8/28/2003,,,1
03-9868932,Marline,Peinke,1/20/2002,hombre,Accounting," $162,012 ",05/12/2020,,,0
03-9903741,Sallyanne,Benedtti,4/25/1982,hombre,Services," $122,977 ",5/28/2011,"2017-07-04 18:38:50 UTC",,1
03-9916070,Fallon,Yorkston,11/19/1984,hombre,Training," $68,671 ",8/23/2014,,,1
03-9918758,Wenonah,Idell,1/24/1992,mujer,Accounting," $134,350 ",2/26/2009,,,1
04-0019688,Hugh,MacGinlay,1/19/1980,mujer,Engineering," $101,354 ",11/26/2003,,,1
04-0071334,Dewain,Bennington,02/12/1995,mujer,"Business Development"," $180,016 ",03/09/2005,,,0
04-0115409,Eudora,Camber,08/04/1995,hombre,"Human Resources"," $120,687 ",06/01/2012,,,0
04-0127689,Karilynn,Terbeck,01/11/1979,hombre,"Research and Development"," $154,743 ",11/18/2020,,,1
04-0137112,Pancho,Cianelli,8/24/1978,hombre,Training," $108,318 ",9/30/2014,,,0
04-0170050,Matthew,Whines,8/30/1981,mujer,Engineering," $122,773 ",8/14/2013,,,1
04-0287028,Reid,Riccelli,9/23/1969,hombre,Accounting," $129,286 ",2/25/2019,"2033-05-04 13:34:20 UTC",,1
04-0397715,Codi,Workes,9/19/1969,hombre,Services," $114,029 ",08/05/2013,,,0
04-0458144,Xerxes,Stango,3/15/1984,hombre,Services," $141,654 ",2/23/2016,,,0
04-0486141,Zaneta,McKelvey,02/03/1978,hombre,"Research and Development"," $184,479 ",08/01/2008,"2023-05-21 19:28:03 UTC",,0
04-0486272,Scotti,Shropshire,06/01/1995,hombre,"Business Development"," $84,150 ",11/15/2010,,,1
04-0609290,Dorthea,Careswell,07/09/1975,mujer,Accounting," $149,424 ",1/27/2020,,,1
04-0612394,Luz,Bus,5/22/1982,mujer,Services," $110,787 ",11/23/2000,,,0
04-0617554,Waylen,Conley,06/10/1990,mujer,Engineering," $182,103 ",1/27/2020,,,1
04-0645125,Daphne,"de Cullip",04/02/1979,hombre,Accounting," $146,897 ",10/01/2010,,,1
04-0724749,Tomkin,Gives,11/19/1999,mujer,Services," $115,496 ",06/01/2001,,,0
04-0790659,Leora,Rippingall,2/14/2001,hombre,Accounting," $94,945 ",12/06/2002,,,1
04-0875007,Kimbell,Dibner,1/13/2000,mujer,Sales," $87,622 ",12/23/2016,,,0
04-1000457,Whitman,Little,10/27/1999,hombre,Services," $132,815 ",8/22/2011,"2029-02-13 00:26:46 UTC",,1
04-1066063,Celene,Killiam,12/05/1994,mujer,Accounting," $114,381 ",05/02/2004,"2011-09-27 23:51:02 UTC",,0
04-1085395,Moore,Tarbet,10/06/1998,mujer,Services," $175,489 ",12/16/2019,,,1
04-1119302,Libby,Magnus,06/03/1972,mujer,Auditing," $137,528 ",5/24/2014,,,0
04-1160870,Fredericka,Bust,8/17/1997,mujer,Training," $96,470 ",3/25/2003,"2021-05-02 00:03:01 UTC",,0
04-1234390,Yorker,Rainey,02/06/1976,hombre,Engineering," $152,278 ",9/23/2007,,,0
04-1286704,Zahara,Annakin,03/03/1976,hombre,"Business Development"," $82,132 ",2/22/2006,,,1
04-1323143,Maynord,Burvill,11/20/1996,hombre,Engineering," $82,755 ",3/15/2002,,,1
04-1372525,Lesley,Blowers,12/07/1997,hombre,"Human Resources"," $82,927 ",2/28/2004,,,1
04-1374177,Kendell,Cooksley,11/25/1972,hombre,Engineering," $161,696 ",01/06/2016,,,1
04-1411959,Ellsworth,Stickins,3/26/1972,mujer,Engineering," $158,247 ",04/10/2013,,,0
04-1436193,Karla,Braney,04/03/1983,mujer,Accounting," $122,107 ",01/01/2014,"2018-09-10 03:53:07 UTC",,1
04-1500679,Phyllys,Rigbye,2/26/2000,hombre,Services," $103,423 ",10/20/2018,,,1
04-1517613,Teodoor,Pedgrift,06/11/2002,mujer,Engineering," $154,630 ",1/26/2006,"2010-05-10 05:48:25 UTC",,1
04-1599995,Cinderella,Garforth,9/14/1968,hombre,Support," $108,920 ",7/21/2020,"2039-06-12 00:11:39 UTC",,0
04-1612765,Natalee,Veldstra,3/18/1970,hombre,"Product Management"," $89,097 ",09/02/2006,,,0
04-1633134,Karalynn,Liptrot,5/24/1966,hombre,Engineering," $144,334 ",02/12/2001,"2012-08-20 03:07:34 UTC",,0
04-1678316,Trip,Drynan,02/12/2001,hombre,Sales," $169,361 ",10/06/2006,,,1
04-1721497,Antonia,Hallyburton,2/27/2002,mujer,Engineering," $171,005 ",09/02/2005,,,1
04-1746693,Gail,Adacot,8/19/1983,mujer,"Human Resources"," $128,757 ",4/22/2009,,,0
04-1788055,Stanfield,Sandhill,11/09/1971,hombre,Sales," $87,531 ",06/02/2011,,,1
04-1818200,Jewell,Stigers,12/14/1987,mujer,"Research and Development"," $107,731 ",08/05/2011,,,1
04-1837197,Durand,Osmon,12/02/2001,mujer,"Human Resources"," $111,651 ",11/12/2001,,,1
04-1846467,Georgy,Snailham,5/28/1970,mujer,Services," $115,618 ",01/10/2009,"2020-02-25 04:02:35 UTC",,0
04-1857862,Jonis,Twallin,3/16/1988,mujer,Training," $95,322 ",08/02/2007,,,1
04-1871859,Denys,Jozwicki,08/05/2001,mujer,Accounting," $110,185 ",3/21/2001,,,0
04-1923412,Cahra,Goodfellowe,10/05/2000,hombre,"Business Development"," $142,626 ",04/11/2007,,,1
04-1935901,Davine,Shickle,2/24/2000,hombre,Engineering," $103,170 ",09/07/2004,,,1
04-1943845,Novelia,Gregory,9/15/1990,mujer,"Human Resources"," $145,617 ",11/24/2002,,,1
04-1956562,Winn,Burgis,02/10/1992,hombre,Engineering," $76,125 ",04/04/2001,,,1
04-1988024,Adams,Schwandermann,9/21/1997,mujer,Support," $68,557 ",6/14/2009,,,0
04-2016958,Arne,Olekhov,06/01/2002,mujer,Engineering," $175,951 ",12/28/2007,,,0
04-2217131,Gerome,Woolsey,4/30/1968,hombre,Support," $69,767 ",12/25/2004,,,0
04-2502697,Abdul,Baxster,3/16/1989,hombre,Services," $142,826 ",04/08/2008,,,0
04-2503836,Berky,Franek,06/10/1976,hombre,"Human Resources"," $126,523 ",9/18/2016,"2031-06-15 06:21:31 UTC",,0
04-2541887,Viva,Posthill,02/03/1976,mujer,Engineering," $170,318 ",10/15/2007,,,0
04-2559661,Benji,Lilburne,12/18/1970,hombre,Marketing," $138,260 ",11/03/2019,,,1
04-2578689,Ciro,Byford,03/03/1968,hombre,"Business Development"," $107,081 ",5/31/2002,"2005-08-28 15:20:14 UTC",,0
04-2591163,Kessiah,Hubbuck,3/20/1984,hombre,Accounting," $102,971 ",04/07/2015,,,1
04-2618469,Emilie,Parlott,05/06/1980,hombre,Engineering," $102,313 ",03/07/2009,,,0
04-2654803,Angelica,Hutchinson,7/21/1988,mujer,"Business Development"," $109,904 ",08/12/2005,,,1
04-2669440,Belva,Howard,10/01/1990,mujer,Engineering," $157,120 ",07/04/2016,,,1
04-2717361,Melitta,Sictornes,02/12/1986,mujer,Engineering," $180,247 ",01/10/2016,,,1
04-2743367,Gleda,Tingcomb,05/04/1982,hombre,Support," $174,389 ",10/31/2007,"2028-08-01 01:04:27 UTC",,0
04-2778809,Maryl,"Di Franceshci",8/20/1988,mujer,Sales," $86,753 ",10/22/2020,,,0
04-2949941,Elisha,D'Onisi,09/09/2000,hombre,Accounting," $137,641 ",3/19/2009,,,0
04-3018897,Steward,Matheson,11/29/1973,hombre,"Research and Development"," $84,156 ",11/23/2002,"2021-10-27 11:39:17 UTC",,0
04-3024359,Ignacius,Axup,11/03/1970,hombre,"Human Resources"," $131,786 ",9/23/2012,,,1
04-3041766,Conney,Boice,08/07/1971,mujer,"Business Development"," $137,117 ",6/16/2017,,,0
04-3121457,Dewain,Sheryn,6/18/1993,hombre,Engineering," $134,920 ",08/11/2010,,,1
04-3294525,Tracee,Tregoning,09/03/1998,mujer,"Human Resources"," $177,536 ",05/03/2002,,,1
04-3311629,Kailey,Eick,10/26/1976,hombre,Engineering," $80,677 ",8/31/2018,,,0
04-3339181,Marthe,Cardenoso,03/04/2001,hombre,Training," $166,630 ",10/12/2012,,,1
04-3438253,Murdoch,Karran,5/13/1970,mujer,"Product Management"," $95,680 ",6/22/2008,"2027-01-20 17:27:39 UTC",,0
04-3481867,Elga,Clough,12/25/1993,mujer,Accounting," $67,861 ",12/17/2003,,,0
04-3494381,Ermin,Neachell,1/24/1984,hombre,Sales," $81,463 ",05/05/2018,,,1
04-3638607,Ardelis,Hartill,2/25/1994,hombre,Support," $96,241 ",6/13/2013,"2029-10-16 14:36:19 UTC",,0
04-3674710,Borg,Anwell,4/21/1967,mujer,"Business Development"," $162,671 ",10/12/2004,"2020-12-02 18:44:23 UTC",,1
04-3676583,Martguerita,Joubert,02/09/1988,hombre,Services," $89,915 ",11/05/2011,,,0
04-3693859,Garth,Laughton,1/20/1999,hombre,Legal," $118,061 ",8/24/2005,,,1
04-3725112,Maurita,Spino,03/10/1970,mujer,Engineering," $178,723 ",06/11/2003,"2008-01-10 19:51:24 UTC",,1
04-3836718,Archy,Midgely,8/13/1985,hombre,Engineering," $118,244 ",7/28/2010,,,0
04-3868074,Elmer,Aviss,5/16/1979,hombre,"Human Resources"," $88,697 ",5/25/2012,"2025-03-21 02:53:51 UTC",,1
04-3958437,Nanete,Antonomolii,05/08/1995,mujer,Engineering," $106,408 ",11/13/2002,,,0
04-4001420,Kordula,Enrique,03/04/1999,mujer,Sales," $111,766 ",3/15/2017,,,0
04-4059376,Levin,Rosenfeld,08/12/1988,hombre,Engineering," $149,109 ",12/07/2003,"2021-02-25 13:43:01 UTC",,1
04-4062784,Zarla,Scudamore,10/06/1996,mujer,Engineering," $177,254 ",8/19/2004,,,0
04-4191796,Nanci,Maevela,11/05/1970,mujer,Sales," $85,242 ",10/27/2004,,,0
04-4214287,Rickie,Strelitzki,4/25/1977,hombre,Engineering," $164,684 ",5/19/2009,,,0
04-4219018,Abigail,Kordova,06/10/1976,hombre,"Business Development"," $68,455 ",7/14/2008,,,1
04-4268745,Aldus,Hue,01/03/1980,mujer,Engineering," $150,336 ",8/27/2003,,,1
04-4276662,Ashlen,Kleisle,7/22/1993,hombre,Engineering," $94,934 ",10/28/2000,,,1
04-4365552,Zandra,Semaine,3/31/2002,mujer,Engineering," $124,513 ",08/10/2008,,,1
04-4427497,Kalie,Hamsley,04/12/1970,hombre,Engineering," $166,340 ",10/31/2018,,,1
04-4432591,Mitchael,Kilpin,03/06/1984,mujer,Accounting," $145,044 ",8/31/2006,,,1
04-4433754,Erskine,Kunkler,10/10/2001,mujer,Accounting," $132,574 ",3/16/2012,,,1
04-4464846,Eloisa,Colafate,5/18/1988,hombre,Engineering," $132,753 ",9/17/2006,"2021-03-17 10:43:01 UTC",,0
04-4466129,Fin,Brigginshaw,06/05/1987,mujer,Engineering," $79,062 ",10/28/2001,,,0
04-4479364,Barron,Zannelli,07/08/1978,hombre,Engineering," $162,417 ",7/25/2018,,,0
04-4546187,Rosmunda,Slack,8/17/1980,hombre,Sales," $176,029 ",3/16/2003,,,1
04-4554597,Theresa,Imlaw,5/16/1977,mujer,Engineering," $114,869 ",1/23/2016,,,0
04-4651229,Magda,Divina,1/14/1973,hombre,Engineering," $142,300 ",8/25/2015,,,1
04-4671409,Sawyer,Braunds,04/11/1971,mujer,"Business Development"," $80,294 ",9/15/2012,"2013-08-18 21:29:29 UTC",,0
04-4699295,Rafferty,Arnoult,10/22/1998,mujer,Accounting," $131,874 ",7/23/2007,,,0
04-4750324,Luther,Dedenham,04/11/1977,hombre,"Human Resources"," $173,446 ",04/10/2007,,,0
04-5001304,Sadella,Colcutt,10/06/1991,mujer,Training," $124,335 ",7/30/2001,,,1
04-5004960,Allianora,Hardage,1/15/1994,hombre,"Human Resources"," $133,422 ",01/02/2005,,,0
04-5047920,Kelby,Rycroft,3/25/1971,hombre,Legal," $164,713 ",8/29/2005,,,0
04-5106789,Hartwell,Bercher,06/06/1981,hombre,"Product Management"," $162,982 ",10/11/2015,,,0
04-5137134,Kira,Gilling,02/11/1970,mujer,Engineering," $172,758 ",11/07/2014,,,0
